customerid,fullname,address,credit,status
1,Rogers MacGorrie,Mysore,45508,true
2,Prinz Pearne,Mumbai,41852,false
3,Brunhilde Barnewell,Mumbai,12476,false
4,Elmira Pheasey,Hyderabad,36722,false
5,Westley Goor,Bangalore,33519,false
6,Rebeca Tyler,Hyderabad,44495,true
7,Joete Donati,Bangalore,44468,false
8,Bessie Dillet,Chennai,42806,true
9,Jeniece Bestwick,Trivandrum,30011,false
10,Christine Vickar,Bangalore,45395,true
11,Drucie Eliet,New Delhi,39803,false
12,Erhard Dandison,Mysore,44089,true
13,Cindra Stonary,Trivandrum,46409,true
14,Steffi Garmanson,New Delhi,29093,false
15,Ofilia McGeachy,Mysore,37752,false
16,Vernice Hamman,New Delhi,27608,true
17,Bjorn Roon,Mysore,15083,true
18,Winny Elsmere,Trivandrum,39875,true
19,Annice Artin,Mysore,33777,false
20,Francene Esp,Mysore,17028,false
21,Evangelin Yglesia,Hyderabad,20760,false
22,Eveline Toffalo,Chennai,49558,true
23,Lind McCurtin,Mysore,32242,false
24,Otho Barts,Chennai,27947,false
25,Monty Blandford,Bangalore,19483,false
26,Faydra Burner,Hyderabad,15766,false
27,Willem Gayle,Bangalore,16256,true
28,Donnamarie Shawl,Chennai,45878,false
29,Giulio MacGaughy,New Delhi,14227,true
30,Harmonie Chasemoore,Mysore,47784,false
31,Mariette Shotboult,Trivandrum,12420,false
32,Gabrila Chong,Mumbai,14314,false
33,Ramonda Storry,Chennai,20014,true
34,Gonzales Sorrie,New Delhi,45897,true
35,Ricoriki Mayow,Chennai,25191,false
36,Kitty Wenderoth,Hyderabad,27664,false
37,Lorinda Harriagn,Chennai,43230,true
38,Brook Harkins,Mysore,16610,true
39,Kurt Chaffe,Hyderabad,40581,true
40,Bethina Oldknowe,Hyderabad,17897,true
41,Will Deverock,Trivandrum,24729,false
42,Mar Pirri,Chennai,47703,true
43,Mellisa Beard,New Delhi,39362,false
44,Tybi Dmitriev,Mumbai,26961,true
45,Waldo Castells,Trivandrum,49183,false
46,Raine Noakes,Mysore,18776,false
47,Kirsti Brookton,Mysore,38798,false
48,Gabbi Pittet,Trivandrum,49341,false
49,Crichton Cubitt,Mysore,47034,true
50,Jimmie Welfare,Chennai,40872,false
51,Kara-lynn Devons,Bangalore,21018,false
52,Grover Pond,Mysore,15160,true
53,Herman Stienham,Hyderabad,35071,false
54,Ellette Dawkins,Mumbai,36244,true
55,Benjie Trowle,Mysore,29529,false
56,Nickola Quick,Chennai,36929,true
57,Ginnifer Branscombe,Trivandrum,42966,false
58,Matelda Barense,Trivandrum,24874,true
59,Tina Binch,Mumbai,29632,false
60,Mildred Twopenny,Trivandrum,38157,false
61,Normy Cady,Chennai,13213,false
62,Dorothee Tal,Mysore,11206,false
63,Mora Cattini,Chennai,19303,true
64,Meade Bethune,Mysore,32235,true
65,Robin Hriinchenko,New Delhi,41520,true
66,Kellby Kinglesyd,Chennai,26611,true
67,Rogers Cogin,Mysore,32167,true
68,Jesse Michell,New Delhi,30493,true
69,Cheston Joubert,Mysore,12954,false
70,Darill Katz,New Delhi,29496,true
71,Selle Lambertazzi,Bangalore,20006,false
72,Wernher Whitworth,Mumbai,34641,true
73,Murdoch Woodyer,New Delhi,26805,false
74,Emera Roo,Mysore,22738,true
75,Egbert Weddell,New Delhi,41096,false
76,Alina Baumann,Hyderabad,44958,true
77,Jacquelyn Gietz,Chennai,12291,false
78,Krystle Crunkhorn,Trivandrum,48733,false
79,Codi Demeza,Trivandrum,47962,true
80,Ericka Fluger,New Delhi,15125,true
81,Bebe Blumfield,New Delhi,38368,false
82,Braden Droogan,Hyderabad,32886,false
83,Chryste Le Fleming,New Delhi,26676,false
84,Audrye Kilbourne,Bangalore,13568,false
85,Jesse Adaway,Trivandrum,13769,true
86,Lida Jolliffe,Hyderabad,24551,false
87,Arin Milberry,New Delhi,42211,false
88,Carolus Furmston,Bangalore,37020,false
89,Willard Jedryka,Hyderabad,24351,false
90,Sallie Kewzick,New Delhi,23884,true
91,Eolande Hudleston,Bangalore,16680,true
92,Jaquenette Legonidec,Trivandrum,32817,false
93,Giovanni Depka,New Delhi,26267,false
94,Emerson Hakewell,Trivandrum,22268,true
95,Brittany Romney,Hyderabad,10305,false
96,Duncan Ramsier,Mumbai,18661,false
97,Mitch Shah,Mumbai,27409,true
98,Marcos Krystof,Hyderabad,18480,false
99,Cordelie Sly,Mysore,49901,false
100,Rey Pieterick,Mumbai,33411,true
101,Amberly Reisin,Mysore,47887,true
102,Rozella Vinau,Hyderabad,48735,true
103,Erika Jenkerson,Trivandrum,19973,true
104,Geoffry McLinden,Mysore,15173,false
105,Kenna Mosedill,Hyderabad,39095,true
106,Georgie Paddock,Chennai,15749,true
107,Rafaello Campagne,New Delhi,11160,true
108,Johannah Willder,New Delhi,36249,true
109,Letty Richly,Hyderabad,28393,true
110,Christina Overton,New Delhi,47293,false
111,Tymothy Gaskell,Mumbai,34754,true
112,Page Biesty,New Delhi,37179,false
113,Georgetta Nuton,Bangalore,28482,true
114,Paola Forsythe,Chennai,14811,false
115,Emelita Needs,Mumbai,25316,false
116,Bebe Arnow,Mysore,37283,true
117,Natty Burras,New Delhi,17050,false
118,Garvey Pezey,Trivandrum,43697,false
119,Brucie Jacox,New Delhi,20639,false
120,Peta McCrostie,Chennai,27426,false
121,Bari McReath,Mumbai,35664,true
122,Gabbi Hook,Mumbai,22057,false
123,Seymour Whittleton,New Delhi,10110,true
124,Evaleen McKim,Mysore,10752,false
125,Rosabel Duetsche,Mysore,42188,false
126,Penrod Seebright,Bangalore,16219,true
127,Jennica Withringten,Chennai,33192,false
128,Orlan MacIlraith,Mumbai,34004,false
129,Marybelle Maceur,Bangalore,49816,false
130,Selle Ellard,Hyderabad,46612,false
131,Winthrop Sprigging,Chennai,28777,true
132,Sioux Kares,Mysore,42867,true
133,Jobie Pantone,New Delhi,27259,true
134,Lloyd Jeram,Mumbai,42671,false
135,Kirby Brasier,Mumbai,14758,false
136,Harrie Samet,Bangalore,32213,false
137,Floyd Lamplough,Trivandrum,14511,false
138,Jock Moppett,Mumbai,23219,false
139,Bogart Clench,New Delhi,48717,true
140,Jacki Feasey,Bangalore,49461,true
141,Cybil Lilford,Bangalore,36101,true
142,Deena Scammell,Bangalore,48737,true
143,Angelia Hallsworth,New Delhi,41018,true
144,Brade Caplis,Hyderabad,47413,true
145,Karil Howler,Bangalore,17833,false
146,Garth Antrobus,Bangalore,28658,true
147,Jemima Kwietek,Chennai,31844,true
148,Jackie Cosgrave,New Delhi,37469,false
149,Bunny Tooher,Bangalore,30910,false
150,Thornie Easom,Hyderabad,18287,true
151,Merrick Bassick,Hyderabad,26586,false
152,Michaela Flucker,Bangalore,40914,false
153,Lorne Jzhakov,New Delhi,40497,true
154,Boris Warde,New Delhi,46763,false
155,Lizzy Langfield,Mysore,42388,false
156,Alex Hulburd,New Delhi,27041,true
157,Rorie De Giovanni,Chennai,28410,false
158,Olivette Blanshard,Bangalore,15474,true
159,Darsey Jobbins,Trivandrum,15599,true
160,Orelle O'Lunney,Mumbai,47522,true
161,Brier Mauchline,New Delhi,30187,false
162,Ruby Wilkinson,Mysore,41096,false
163,Ilario Gavozzi,New Delhi,24253,false
164,Lucius De Banke,New Delhi,48185,false
165,Cherianne Fitchew,Mysore,27103,true
166,Ina Cannam,Bangalore,28158,true
167,Gwyneth Gorcke,New Delhi,30615,false
168,Kari Goaley,New Delhi,20621,true
169,Lauren Barkworth,Hyderabad,25729,false
170,Arlyn Earengey,Mumbai,18908,false
171,Faunie Genty,Hyderabad,40408,false
172,Niven Skirlin,Mumbai,46150,true
173,Corny Bigley,New Delhi,16097,true
174,Jeremy Chippindale,Chennai,12515,true
175,Shalne Brandom,Trivandrum,20068,false
176,Kaitlynn Shildrake,Hyderabad,11410,true
177,Rosemonde Blaker,Bangalore,30785,true
178,Concordia O'Neary,Hyderabad,45682,true
179,Curtis Tetford,Hyderabad,14806,false
180,Bryon Goodinge,Bangalore,13568,false
181,Codi Hayward,Mysore,27578,true
182,Francoise Fitch,Mysore,27793,true
183,La verne Bernaciak,New Delhi,27688,false
184,Nikolos Vedmore,New Delhi,41968,false
185,Una de Wilde,Mumbai,18647,true
186,Hansiain Dickenson,Bangalore,15891,false
187,Ferrell Bleiman,Bangalore,39864,false
188,Francklyn Wagerfield,Chennai,23682,true
189,Magdaia Warrier,Bangalore,15609,true
190,Aggi Drewell,Mysore,45835,true
191,Kathe Donaldson,Hyderabad,39026,true
192,Baldwin Keble,Hyderabad,39434,false
193,Maddy Disbrow,New Delhi,31150,false
194,Holmes Haney`,Bangalore,12974,false
195,Edvard Ollington,Bangalore,32966,true
196,Albertine Alston,Bangalore,14946,false
197,Estell Kaesmakers,Trivandrum,44758,false
198,Arlena Toyne,Chennai,24978,true
199,Rosemary Jeffry,New Delhi,12310,false
200,Wilhelmina Balaam,Mysore,14337,true
201,Nelly Ert,Mumbai,30364,true
202,Ulla Bonifazio,Hyderabad,22044,true
203,Emmalee Rogeron,New Delhi,23469,false
204,Shelia McChesney,Trivandrum,25656,true
205,Ilise Keniwell,New Delhi,27695,false
206,Aurthur Arnaudot,Trivandrum,15035,true
207,Carly Hallt,Hyderabad,40092,false
208,Jeremias Streeton,Trivandrum,11712,false
209,Erin Smetoun,Trivandrum,39178,false
210,Angel Boncoeur,New Delhi,30095,true
211,Ode Yushin,Bangalore,43797,false
212,Ferdinand Treweke,Mysore,20570,false
213,Jeannie Demanche,New Delhi,26755,false
214,Weidar Durber,Mysore,44498,false
215,Tannie Frodsam,Chennai,32626,true
216,Filia Saul,Mumbai,18391,false
217,Devora Cornell,Hyderabad,40648,false
218,Erna Starkings,Chennai,19197,false
219,Walden Lidyard,Chennai,34499,true
220,Lanae Enrietto,New Delhi,35230,true
221,Niven Windous,Mysore,12416,true
222,Thorpe Roset,Mumbai,20162,true
223,Knox Harrie,Mumbai,17612,false
224,Elianora Bedham,Trivandrum,25225,true
225,Dianne Connerry,Trivandrum,47883,false
226,Jerri Gowanlock,Chennai,45423,false
227,Bambi Bullier,New Delhi,42266,true
228,Lynn Iwaszkiewicz,Bangalore,10424,true
229,Barbi Style,New Delhi,37819,true
230,Gus McElhargy,Chennai,40602,false
231,Codie Gooderham,Bangalore,35785,false
232,Francine Finlator,Trivandrum,10661,true
233,Evelyn Oliphant,Hyderabad,19708,false
234,Kristoffer Klimochkin,Mysore,11195,false
235,Sydelle Goodayle,Trivandrum,35773,true
236,Bevin Ros,Mysore,38022,true
237,Donn Benkhe,Mumbai,48111,true
238,Jolee Paradise,Hyderabad,41911,true
239,Ethelred Aitkenhead,Hyderabad,10989,true
240,Brennen Cainey,Hyderabad,34410,false
241,Gustavo Howels,New Delhi,23652,true
242,Quillan Stoyell,Trivandrum,40654,false
243,Mathe Lubman,Mysore,12948,true
244,Carmel Perree,Hyderabad,44445,true
245,Darrick Reglar,New Delhi,15545,false
246,Roslyn Yukhnin,New Delhi,28737,true
247,Natal Pietzner,Hyderabad,34077,true
248,Sydney Gregine,Chennai,30499,true
249,Dimitry Gresley,Trivandrum,17907,false
250,Gabriellia Sapsford,Hyderabad,16886,false
251,Bernadette Fear,Chennai,11118,false
252,Bennett Bulman,Mysore,26727,false
253,Vick Dancer,Bangalore,49900,false
254,Andeee Cant,Mysore,16796,false
255,Imogen Adams,New Delhi,33984,false
256,Louisa Urrey,Hyderabad,31756,false
257,Terrell Wykes,Bangalore,43041,true
258,Garwood Girkin,Hyderabad,43935,true
259,Murdock Dudden,Mumbai,31955,false
260,Sheila-kathryn Lanning,Mysore,45427,false
261,Malvin Adriani,New Delhi,20292,true
262,Worthy Delea,Mysore,35956,false
263,Wash Aronin,Mumbai,12636,false
264,Cletus Lasham,Bangalore,19617,false
265,Odey Shortan,Mumbai,12788,true
266,Donnie Stair,Hyderabad,43211,true
267,Ollie Vasser,Mysore,15104,true
268,Artemis Tring,Mumbai,49543,true
269,Maurits Labro,Hyderabad,29282,true
270,Flinn Margrem,New Delhi,49787,true
271,Kimberlyn Knight,Mysore,18397,true
272,Rickie Hay,Mumbai,11076,false
273,Jasmina Heathcott,Hyderabad,22078,true
274,Myrna Plewright,Mysore,37492,true
275,Neil Hartmann,Chennai,41362,true
276,Nadine Curran,Mysore,20384,false
277,Vernice Bone,Bangalore,40099,false
278,Olenolin Kubach,Mysore,30463,true
279,Katine Janczak,Mumbai,23061,true
280,Reynold Sines,Mysore,30607,false
281,Grayce Trounson,Chennai,28571,false
282,Willyt Grishakin,Trivandrum,23797,true
283,Dusty Cogan,New Delhi,28430,false
284,Andrej Patridge,Mysore,27588,true
285,Arly Lusty,Trivandrum,19473,true
286,Joelie Eberle,New Delhi,46943,true
287,Marty Millership,Chennai,22654,false
288,Candida Hansill,Bangalore,34028,true
289,Quincy Cassidy,New Delhi,24914,false
290,Sterling Gounod,Hyderabad,23371,false
291,Meade Pealing,Trivandrum,30157,true
292,Gennie Vegas,Mumbai,11286,false
293,Ximenez Demonge,Mumbai,44625,false
294,Dre Cherm,New Delhi,46810,true
295,Ann Boar,Mumbai,30312,true
296,Filip Fawdry,Hyderabad,29609,true
297,Wylie Burker,New Delhi,13702,false
298,Meriel Willatts,Mysore,34745,false
299,Kassia Osgood,Hyderabad,35519,false
300,Regan Theurer,Trivandrum,39008,true
301,Bucky Camfield,Hyderabad,46408,true
302,Toby Coston,Trivandrum,40190,true
303,Rawley Guile,Chennai,10980,false
304,Burr Reeme,Bangalore,23183,true
305,Nicky Cowl,Bangalore,26212,false
306,Juditha Ervine,Trivandrum,43214,true
307,Angus Iczokvitz,Mumbai,31107,false
308,Maggy Ledgard,Mumbai,24303,true
309,Shelly Dymond,Mumbai,22268,true
310,Kailey Hessing,Hyderabad,24911,false
311,Phillida Eplate,Mysore,42993,true
312,Free Mundall,Bangalore,34153,false
313,Fred Hewins,Bangalore,46006,false
314,Evvy Exell,Mumbai,31619,false
315,Torrey Andrini,Chennai,18938,true
316,Lawry Weatherley,Chennai,16118,true
317,Estevan Duckwith,New Delhi,48125,true
318,Tally Ackred,New Delhi,44067,false
319,Shaylyn Burborough,Mumbai,46910,false
320,Micki Spyer,Bangalore,30070,true
321,Bo Lathee,Hyderabad,13947,true
322,Man Wilcox,Mumbai,24197,true
323,Lonnie Devenish,Chennai,42078,true
324,Angel Jarmyn,New Delhi,18819,true
325,Pavla Chilley,Trivandrum,25462,false
326,Hurleigh Kellard,Bangalore,13535,true
327,Blake Brammall,Hyderabad,25816,false
328,Michelle Macklin,New Delhi,13090,true
329,Cleopatra Fessier,Hyderabad,23553,false
330,Mayer Dodds,New Delhi,12576,false
331,Henrietta Areles,New Delhi,18957,false
332,Layney Vonasek,Chennai,14677,true
333,Donny Joao,Trivandrum,18606,false
334,Nerita McRobbie,Chennai,42995,true
335,Michele Gobeaux,New Delhi,13381,true
336,Caddric Jaher,Trivandrum,17224,false
337,Eberto Nafziger,Mumbai,47745,true
338,Darill Halcro,Bangalore,46583,false
339,Trstram MacTurlough,New Delhi,30879,true
340,Alisun Hynd,Chennai,10611,false
341,Georgetta Edmondson,Hyderabad,43363,true
342,Dillie Brellin,Chennai,14837,false
343,Stella Gurys,Trivandrum,17075,true
344,Chico Basketter,Chennai,45043,false
345,Lindy Jauncey,Bangalore,16065,false
346,Veronique Denham,Bangalore,33286,false
347,Fulvia Ivanchov,Bangalore,23137,false
348,Elaine Patterson,Hyderabad,31007,true
349,Basil Caplen,Chennai,43186,true
350,Kaiser Sidery,Mumbai,46052,false
351,Gradey Streather,Bangalore,33207,false
352,Doy Aluard,Bangalore,45758,true
353,Bernetta Tabbernor,Chennai,32770,true
354,Holden Colwill,Mysore,11425,false
355,Lee Bourthouloume,Mysore,45945,false
356,Mikel Martignoni,Trivandrum,42079,false
357,Imelda Radmore,Mysore,27734,true
358,Homerus Fahy,Trivandrum,17406,true
359,Nappie Cullin,Chennai,35332,true
360,Ketty Ridgwell,Chennai,48951,true
361,Chan Clubbe,New Delhi,31037,false
362,Briggs Priestnall,Mumbai,28116,false
363,Dillie Halsworth,Chennai,22518,false
364,Amos Hazel,Chennai,29458,false
365,Padget Dict,Mumbai,21188,true
366,Tilda Gosselin,Mumbai,42063,true
367,Diane-marie Nutton,Trivandrum,15336,false
368,Gwendolen Hastie,Bangalore,49830,false
369,Almira Foxton,New Delhi,18685,true
370,Albert Townrow,Trivandrum,49990,true
371,Devy Letterick,Mysore,45786,true
372,Sofia McCourt,Mumbai,40965,false
373,Cammy Bath,Mysore,29292,true
374,Hayyim Entwisle,Bangalore,26770,false
375,Carlye Boote,Hyderabad,18408,true
376,Cati Patek,Hyderabad,47835,true
377,Simon Shapcott,Trivandrum,19619,true
378,Zabrina Elms,Mysore,12996,false
379,Erma Dillinton,Trivandrum,32990,true
380,Caldwell Cozby,Mumbai,20715,true
381,Deidre Antonoczyk,Chennai,31614,true
382,Elaine Barlee,Mysore,22933,false
383,Pennie Deviney,Bangalore,14672,true
384,Clement Drewell,Bangalore,42883,true
385,Judas Pennock,Chennai,21680,true
386,Octavia Losebie,New Delhi,35413,false
387,Reuven Melmore,Trivandrum,23024,true
388,Connor Jupp,Mysore,33634,false
389,Joanie Paulton,Mysore,28417,true
390,Walsh Knok,Hyderabad,29342,false
391,Jade Snodin,Mumbai,26724,true
392,Clarence Marshal,Chennai,44189,true
393,Chandra Moxom,Bangalore,38998,false
394,Issi Torritti,New Delhi,14453,false
395,Billye Shilladay,Trivandrum,22352,false
396,Jermaine Hillburn,Bangalore,26449,false
397,Claretta Byrch,New Delhi,20911,false
398,Laurel Killingback,Hyderabad,34527,true
399,Nadeen Hannis,Chennai,25113,false
400,Vivie Romaine,Trivandrum,20291,true
401,Glen McNirlan,Chennai,23613,true
402,Orrin Deans,New Delhi,31444,true
403,Rowe Madle,Chennai,32571,false
404,Cosette Murfett,Bangalore,42822,false
405,Denny Goulthorp,New Delhi,39406,true
406,Kizzee Iacobo,New Delhi,19735,true
407,Jerrilee Sills,Mysore,28140,true
408,Brunhilde McCrostie,Bangalore,40851,false
409,Carolynn Castelain,Mumbai,46103,true
410,Pasquale MacLleese,Bangalore,20533,false
411,Omero Roskam,Trivandrum,35717,true
412,Michaella Rourke,Bangalore,26383,false
413,Meara Banasiak,Chennai,17586,false
414,Teddy Haugg,Trivandrum,41924,true
415,Valerye Sergeaunt,Trivandrum,36384,true
416,Jacquelin Gascoine,Hyderabad,39694,false
417,Blisse Aldhous,Mumbai,30892,true
418,Ermina Tomaschke,Trivandrum,19106,true
419,Ricki Rankling,Trivandrum,38225,true
420,Fredra Jermin,Trivandrum,21153,false
421,Hermia Pinnegar,Chennai,14496,false
422,Goldia Boylund,Hyderabad,38580,true
423,Ada Petrik,Hyderabad,13049,false
424,Joeann Branson,Mumbai,22045,false
425,Aldin Kleinerman,Mysore,34647,true
426,Wilow Lamb-shine,Hyderabad,35067,true
427,Hermina Pifford,Chennai,27968,true
428,Honoria Lyons,Bangalore,47181,false
429,Moise Blucher,Trivandrum,23921,false
430,Ilse Dalinder,Hyderabad,34961,false
431,Audie Klammt,Mumbai,21017,false
432,Stacee Downgate,New Delhi,29242,false
433,Cort Varfalameev,Trivandrum,38836,false
434,Leonie Oliver,Mysore,19123,true
435,Timi Piddick,Trivandrum,23054,true
436,Valery Alsina,New Delhi,41829,false
437,Olivia Benton,Chennai,48477,false
438,Genevieve Beentjes,Trivandrum,27793,false
439,Lara Yurlov,Hyderabad,43948,true
440,Rosalyn Nurdin,Mysore,38889,true
441,Kizzee Mallalieu,Trivandrum,13762,false
442,Rici Le Noir,New Delhi,22983,true
443,Raffaello Lisett,New Delhi,24391,true
444,Holli Emsley,Chennai,39294,true
445,Falkner Sharma,Chennai,39724,true
446,Nathaniel Blance,Chennai,28212,false
447,Francoise Coffee,Mysore,47758,true
448,Grier Clements,Mumbai,45412,false
449,Eustacia Lobell,Hyderabad,36062,true
450,Beret Ashpole,Mumbai,28691,true
451,Curt Russel,Mysore,28238,false
452,Aylmer Pexton,Mumbai,36330,true
453,Phyllis Chaman,Mumbai,21327,false
454,Marsha Roof,Chennai,14571,false
455,Purcell Maymond,Hyderabad,33660,false
456,Hector Kinzel,Mumbai,30604,true
457,Evvy Moloney,New Delhi,12753,false
458,Noach Kender,Hyderabad,29467,true
459,Clarey Towey,Mysore,35219,true
460,Tomkin Domico,Chennai,26991,true
461,Flossie Jugging,Trivandrum,46357,true
462,Rainer Northgraves,Mysore,32292,true
463,Ronica Minocchi,Trivandrum,13209,false
464,Concettina Shelton,Bangalore,37963,true
465,Zea Spelman,Bangalore,39019,true
466,Grissel Ahern,Mumbai,13959,false
467,Sybila Caren,Chennai,26359,true
468,Haskell Grishakin,Chennai,37150,false
469,Mikael Barnwill,Mumbai,34114,true
470,Jocko Maypowder,Bangalore,37976,true
471,Beau Anderer,New Delhi,27014,true
472,Jannel Dumphy,Chennai,48046,true
473,Isabeau Hopfer,Bangalore,29814,true
474,Kirbee Travers,Mumbai,24479,true
475,Thurstan Lambourne,Bangalore,48104,false
476,Ailina Woehler,Hyderabad,13644,true
477,Pooh Tuson,Hyderabad,38431,false
478,Bee Dain,Trivandrum,21291,true
479,Kean Pettigrew,Trivandrum,23879,false
480,Yelena Waterstone,Chennai,25559,false
481,Tobe Cushworth,Bangalore,22604,false
482,Brandon Oxtaby,New Delhi,30408,true
483,Tilda Bowhey,Mysore,10371,true
484,Gaylord Talks,Mumbai,18351,true
485,Nanice Hawking,Chennai,41168,false
486,Cecilius Grushin,Chennai,36179,false
487,Ellynn Laurentino,Hyderabad,46020,false
488,Harcourt Foister,Mumbai,31826,true
489,Bev Dingate,Bangalore,49266,false
490,Marsh Dearl,New Delhi,31593,true
491,Korie Di Bernardo,New Delhi,19623,true
492,Todd Jobb,Hyderabad,26273,true
493,Jed Eckersall,Chennai,10279,true
494,Colman Tinghill,Chennai,20469,true
495,Jess Wormell,Trivandrum,21445,false
496,Addie Kirsche,New Delhi,41376,true
497,Hartley Turnpenny,Hyderabad,25008,false
498,Pablo Gebby,New Delhi,44155,false
499,Kellyann Bratton,Mumbai,20372,true
500,Rodolph Brandes,Trivandrum,27634,true
501,Ailis Easman,New Delhi,41085,false
502,Julio Heyworth,Trivandrum,25958,false
503,Glenn Hearons,Hyderabad,43927,true
504,Obie Pettie,Trivandrum,41637,true
505,Mic Timms,Hyderabad,43263,false
506,Filippo Haxell,Trivandrum,12691,false
507,Shayne Dunn,New Delhi,13677,false
508,Matthias Thornham,Trivandrum,15461,false
509,Janeta Coskerry,Hyderabad,34497,true
510,Mitchael Stang-Gjertsen,New Delhi,24715,false
511,Derrik Montague,Trivandrum,45020,false
512,Willard Drewry,Trivandrum,30283,false
513,Willy Zuppa,Trivandrum,11121,false
514,Pammi Derr,Mumbai,33093,true
515,Fan Renforth,Hyderabad,17056,false
516,Zeb Yankeev,Mumbai,23464,false
517,Marice Abelovitz,Trivandrum,10028,false
518,Ardella Mattielli,Bangalore,17709,false
519,Lorne Tuck,Hyderabad,47952,true
520,Raffaello Tamblingson,Hyderabad,41021,true
521,Fanchon Whiteoak,Chennai,46957,true
522,Jarrett Jervois,Mumbai,42224,false
523,Pate Leheude,New Delhi,49086,false
524,Kari Sher,Mysore,22622,true
525,Ellwood Amerighi,Trivandrum,48683,true
526,Kort Cutten,Trivandrum,23619,true
527,Maurie Kerry,Chennai,39050,true
528,Kiel Sheather,Bangalore,29504,false
529,Margret Keasley,Mumbai,28152,true
530,Hilda Cristoforo,Mysore,10068,false
531,Cecilla Rollings,Bangalore,46302,false
532,Shermy Breslane,Bangalore,35476,false
533,Trip Tamblyn,Bangalore,28525,true
534,Leann Hoonahan,Mumbai,43021,true
535,Valenka Aizikov,Bangalore,37195,true
536,Valma Witherow,Mumbai,46611,true
537,Gran Elvy,Mumbai,45536,true
538,Celeste Alldridge,Chennai,38292,false
539,Amii Tumber,Hyderabad,37444,false
540,Karin Baddeley,Mysore,46764,true
541,Ikey Daal,Mysore,17812,true
542,Ingmar Conroy,Chennai,21223,true
543,Beatriz Carlton,Hyderabad,49346,false
544,Gram Clubley,New Delhi,30912,false
545,Agnese McInnerny,Chennai,17248,false
546,Joellyn Vockings,Hyderabad,45171,true
547,Merill Venner,Trivandrum,27460,true
548,Carine Dealy,Mumbai,36607,false
549,Vincenty Borrie,Mysore,46655,true
550,Thia Abramovicz,Trivandrum,18123,false
551,Devora Gomes,New Delhi,42685,true
552,Rustie Tudgay,Bangalore,12687,true
553,Audy Lukianovich,Bangalore,37464,false
554,Agnesse Hannan,Trivandrum,35819,false
555,Jarid Galero,New Delhi,40320,false
556,Gauthier Lainge,Mumbai,19558,false
557,Inger Beeke,Chennai,38187,false
558,Gallard Dunmore,Mysore,49702,false
559,Lauraine Molson,New Delhi,46344,false
560,Eugenia Rainger,Mysore,34407,false
561,Ginger Stairmond,Hyderabad,32242,true
562,Nessy Wanley,Trivandrum,40264,false
563,Erny Arrandale,Mumbai,27241,true
564,Isac Sybe,Mumbai,42964,true
565,Leroy Platfoot,Trivandrum,16464,true
566,Karry Lorans,Mumbai,26641,false
567,Gal Pragnell,Bangalore,25408,true
568,Cristina Bradock,Chennai,12924,false
569,Prudence Kerrey,Bangalore,10827,false
570,Cristabel Jozwiak,New Delhi,35804,false
571,Arv Wilcock,Bangalore,34038,true
572,Ingelbert Downe,Trivandrum,29739,true
573,Adelheid Amoore,Trivandrum,46059,false
574,Carmelia Pummery,Bangalore,15075,false
575,Philip Mineghelli,Mumbai,34067,true
576,Nonnah Camerati,Mysore,46757,false
577,Kirsten Wilman,Mumbai,14806,true
578,Lea Gleeson,Mysore,36314,true
579,Renae Hawkshaw,Trivandrum,35040,true
580,Marigold Tolliday,Trivandrum,20077,false
581,Corabel Gudde,Mysore,44512,false
582,Pincus Menezes,Bangalore,43169,false
583,Ingeberg Gossipin,Mumbai,31541,false
584,Lyle Wordsworth,New Delhi,38076,true
585,Nerta Pilsworth,Mumbai,11001,false
586,Frances Selby,New Delhi,10317,false
587,Stinky MacDirmid,Chennai,16979,true
588,Erena Siverns,Mysore,18684,false
589,Verine Lascelles,New Delhi,48264,true
590,Dion Marder,Trivandrum,19630,true
591,Vinnie Landre,Mysore,14528,true
592,Kristyn Signorelli,Bangalore,23689,false
593,Jaime Enric,Chennai,31558,true
594,Terrance Dell Casa,Mumbai,35960,true
595,Daron Prando,New Delhi,48818,false
596,Bonny Wasiel,Hyderabad,41392,false
597,Llewellyn Faucherand,New Delhi,24148,false
598,Veriee Malletratt,Mysore,46766,true
599,Alexis Stack,Hyderabad,28470,true
600,Noll Brugh,Bangalore,45648,false
601,Lanette Uman,New Delhi,11045,true
602,Torey Haresnape,Hyderabad,17036,true
603,Goran Deacon,Hyderabad,46685,false
604,Maje Ginie,Hyderabad,33442,true
605,Shay Sellers,Hyderabad,22421,true
606,Gunner Tidcomb,Bangalore,13407,false
607,Sabina Kleinstein,Chennai,45161,true
608,Leodora Gringley,New Delhi,19644,false
609,Baron Hearl,Trivandrum,35822,true
610,Cele Meikle,Chennai,32546,false
611,Roland Tomini,Trivandrum,40977,true
612,Manon Hovel,Hyderabad,49596,true
613,Margaretha Ambrozewicz,Trivandrum,46275,true
614,Melicent Heineken,Mysore,28756,false
615,Ailene Runnalls,Mumbai,39794,false
616,Glen Toulmin,Mumbai,40029,false
617,Kassie Kesterton,Trivandrum,48380,true
618,Ambrosi Dakin,Mysore,48354,true
619,Lottie Kinze,Hyderabad,39782,true
620,Gretta Eltun,Trivandrum,24943,false
621,Far Westerman,Mumbai,16646,true
622,Ogdan Noweak,Mysore,13690,false
623,Margaux Crimp,Trivandrum,39209,false
624,Gibb Fruin,New Delhi,40692,true
625,Belvia Timlin,New Delhi,17711,true
626,Chanda Longcaster,Bangalore,37572,false
627,Basilio Meryett,Hyderabad,34956,true
628,Giordano Gouldstraw,Hyderabad,13095,true
629,Cazzie Rattry,New Delhi,14239,true
630,Farah McMurty,Mysore,13500,true
631,Pauli Jenno,Chennai,17298,false
632,Ferdie Beville,Bangalore,12038,true
633,Lindi Byram,New Delhi,26143,true
634,Violet Louden,Mysore,23663,false
635,Fanya Akenhead,New Delhi,30837,true
636,Thomasine Hatherley,Hyderabad,33969,false
637,Doloritas Ziemecki,Mumbai,40192,true
638,Adler Reven,New Delhi,26664,false
639,Kirbie Yorston,Trivandrum,40398,false
640,Babbie Whistance,Bangalore,30998,false
641,Andros Huckster,Mysore,31016,false
642,Wes Gwillyam,Mumbai,25606,false
643,Myrna Wilde,Mumbai,47047,true
644,Gerardo Prott,Hyderabad,22649,true
645,Cynde Berry,Mumbai,27841,false
646,Alberik Yakuntzov,Hyderabad,31639,false
647,Almeda Emmines,New Delhi,12772,true
648,Fanny Harrington,Bangalore,40197,false
649,Reeba Matejovsky,Mysore,26188,true
650,Isidor Callard,Chennai,35967,false
651,Bekki Fumagalli,Hyderabad,14374,true
652,Cornie Trenchard,New Delhi,41915,true
653,Gussi Fryd,Hyderabad,36840,false
654,Christean Knowlden,Trivandrum,29099,true
655,Melissa Lishman,Mysore,38099,true
656,Erie O'Crevan,Mumbai,18503,true
657,Kevan Ritmeier,Hyderabad,19775,false
658,Bard Claibourn,New Delhi,44675,true
659,Loreen McMakin,Bangalore,37364,true
660,Anna-diana Tatnell,Bangalore,27826,false
661,Jeff Zimmer,Mumbai,48886,false
662,Devlin Click,Hyderabad,11270,true
663,Gillie Yakebowitch,Trivandrum,14787,true
664,Conroy Roller,Mysore,40481,false
665,Massimiliano Devonside,Mumbai,31720,true
666,Raeann Zohrer,New Delhi,42830,false
667,Britteny Dutson,Bangalore,38758,false
668,Datha Hollerin,New Delhi,46909,false
669,Calhoun Nolin,Trivandrum,34456,false
670,Hubey Hounsom,Bangalore,24099,true
671,Cori Dodding,New Delhi,41081,true
672,Dyanne Jimpson,Chennai,17321,true
673,Horatius Pedrollo,Chennai,17629,false
674,Giacobo Aldwich,Mumbai,42178,false
675,Morris Frederick,Mysore,13125,false
676,Eziechiele Fawckner,Mysore,14992,true
677,Thekla Puckett,Trivandrum,43470,true
678,Cindee Martinet,Bangalore,29692,false
679,Kerri Maasze,Hyderabad,11655,false
680,Elvyn Manjin,Trivandrum,32546,true
681,Holly Logsdale,Trivandrum,39927,true
682,Lizette Lentsch,Chennai,44395,true
683,Adamo Paz,Bangalore,19200,false
684,Clemmy Goulston,Chennai,23680,false
685,Madelin Blesli,New Delhi,43396,true
686,Flossi Bateup,New Delhi,16646,false
687,Lanni Tattam,Bangalore,37569,false
688,Di Prentice,Mysore,36685,true
689,Carolyne MacDirmid,Chennai,49763,true
690,Carmon Gresswell,Bangalore,32839,false
691,Godard Danhel,Chennai,43997,true
692,Sansone Gueste,Chennai,46305,false
693,Guinna Barthelemy,Chennai,14529,true
694,Koren Akeherst,Bangalore,49612,false
695,Sonia Jagger,Bangalore,11641,false
696,Addie Finding,Mysore,48559,false
697,Loria Poyner,New Delhi,40798,false
698,Callean Rentcome,Mumbai,42527,false
699,Nataniel Castellone,Chennai,22701,true
700,Chere Storrier,Trivandrum,49019,true
701,Coletta Musgrave,Mumbai,15104,true
702,Norrie Yurin,Mysore,35597,true
703,Kimmy Melson,Trivandrum,31636,true
704,Hamilton Sorby,Mysore,16850,false
705,Merrielle Cossins,Trivandrum,44832,true
706,Moises Arnely,Trivandrum,31938,true
707,Wini McKeurtan,Mysore,44116,true
708,Stevena Reary,Hyderabad,24683,true
709,Herb Helkin,Chennai,48965,true
710,Bernadina Scandroot,Mysore,18690,false
711,Eustacia Pilgrim,Trivandrum,19604,false
712,Iolanthe Danks,Bangalore,20660,false
713,Glennis Rossiter,Hyderabad,41383,true
714,Irvine Cunnow,Bangalore,19967,false
715,Robinia Sermin,New Delhi,49107,true
716,Trescha Shoebridge,Bangalore,47522,true
717,Ashlie MacKay,Mumbai,40137,false
718,Cayla Genny,Mumbai,49094,false
719,Peg Patillo,Trivandrum,35245,false
720,Kelbee Bulleyn,Trivandrum,19095,false
721,Rebe Halsho,Bangalore,46792,false
722,Lee Ortet,Mysore,10440,true
723,Mathew Burchett,Mumbai,45767,false
724,Marvin Neathway,Mysore,48881,true
725,Lizzy Brodeau,New Delhi,29665,false
726,Natalee Balstone,New Delhi,16468,false
727,Masha Tym,New Delhi,47766,true
728,Juliette Egger,Hyderabad,18912,true
729,Milena Simeons,Hyderabad,24122,true
730,Lazarus Jacobowits,Chennai,26271,false
731,Kassia Ketchaside,New Delhi,37333,true
732,Rufe MacKaig,New Delhi,18147,false
733,Larry Ziemen,New Delhi,36026,true
734,Ivonne Devereux,Chennai,42966,true
735,Westley Larner,Mysore,41498,false
736,Dyana Ohanessian,Trivandrum,33257,true
737,Jolene Lis,Bangalore,29899,true
738,Corny Stainson,Trivandrum,41119,true
739,Elli Eagleton,New Delhi,49915,true
740,Orv Gouthier,Hyderabad,27531,false
741,Anastasia Pettis,Chennai,48211,false
742,Sara Berge,Bangalore,49927,false
743,Mattie Graeser,Mumbai,17398,true
744,Udell Melpuss,Chennai,31839,true
745,Lonnie Meth,Bangalore,49104,false
746,Lenka Gillmore,Trivandrum,21990,true
747,Clarinda Clemenson,Mumbai,15672,false
748,Kirk Leavesley,Hyderabad,26593,false
749,Krishnah Holbury,Mumbai,30981,true
750,Doretta Gumn,Bangalore,29369,true
751,Glennie Mibourne,Mysore,45903,false
752,Cloris Anger,New Delhi,40057,true
753,Edik Proudley,Mumbai,41068,true
754,Sigvard Joontjes,Chennai,37577,false
755,Noel Rapsey,New Delhi,37375,true
756,Felix Drowsfield,New Delhi,24174,true
757,Christalle Bahike,Trivandrum,43599,true
758,Paten Han,Mumbai,12909,true
759,Christoforo McKerlie,New Delhi,49038,false
760,Hersch Wrigley,Chennai,48624,false
761,Rip Keasley,Bangalore,15642,false
762,Sarita Ardley,Chennai,45217,false
763,Tiphani Andrews,Hyderabad,49122,false
764,Tome Vizard,New Delhi,45864,false
765,Micheal Eric,Hyderabad,31270,false
766,Alvera Gregson,Trivandrum,31915,false
767,Ernie Dench,Trivandrum,37814,false
768,Marion Jope,New Delhi,44022,false
769,Megen O'Mailey,Mumbai,16213,false
770,Leonerd Antonsson,Mysore,20320,false
771,Almire Boniface,Chennai,30028,false
772,Jermain Assante,New Delhi,15845,true
773,Rollin Trowl,New Delhi,26120,false
774,Benedict Pinner,Mysore,16041,true
775,Hilliary Seacroft,Mumbai,48807,true
776,Bernadina Vasilkov,New Delhi,42932,true
777,Raye Oscroft,Chennai,16416,true
778,Gertie Telling,Trivandrum,49715,false
779,Hadrian Tilliards,New Delhi,48006,false
780,Patricio Van der Baaren,Chennai,30614,true
781,Natalya Larrat,Mysore,35669,false
782,Humfrey Blatherwick,Mysore,37972,true
783,Antonin Fitchett,Mysore,26781,false
784,Ravi Cringle,Trivandrum,44597,true
785,Adan Press,Mysore,21704,true
786,Berton Jelks,Hyderabad,36810,true
787,Karisa Condell,Mumbai,38496,false
788,Ida Gumery,Bangalore,40222,false
789,Reilly Randalson,New Delhi,47319,true
790,Reggie Jarrelt,New Delhi,35090,false
791,Burnard Dye,Mumbai,27494,true
792,Penelope Lago,Chennai,44881,false
793,Etienne Wogden,Trivandrum,43552,false
794,Lynnett Sivell,Hyderabad,15213,false
795,Levey Dreinan,Chennai,20751,true
796,Lavinie O' Loughran,Chennai,48686,false
797,Whitby Evason,Chennai,20812,false
798,Kale Meiner,Bangalore,19746,true
799,Janot Henzer,New Delhi,39704,false
800,Nefen Gildersleeve,Bangalore,13020,false
801,Crosby Headland,Bangalore,27360,true
802,Farr Trayton,Trivandrum,20344,false
803,Janeczka McLeoid,Mysore,11628,false
804,Feliks Jado,Hyderabad,49074,true
805,Pen Gebuhr,Trivandrum,38476,false
806,Robbi Eldritt,New Delhi,20353,false
807,Izaak Fawlo,Mysore,35067,false
808,Aharon Burlingham,Chennai,30861,true
809,Shaw Suttie,Trivandrum,28529,true
810,Ofella Gritsaev,Trivandrum,36382,false
811,Michael Hilldrop,Trivandrum,10396,false
812,Gregorius Savery,Mysore,21850,true
813,Keelia Flatley,Mumbai,25178,true
814,Ulric Simo,Bangalore,16704,false
815,Charley Vigar,Trivandrum,44634,true
816,Arlen Showell,Mumbai,35304,true
817,Seline Beams,Hyderabad,27029,false
818,Bryana Organer,Hyderabad,39319,false
819,Quentin Murrey,Hyderabad,40257,true
820,Jone Boshell,Mumbai,42521,false
821,Conny Ranscombe,Trivandrum,18277,false
822,Essa Dentith,Trivandrum,46445,false
823,Florry Tipper,Trivandrum,21453,false
824,Willa Faux,Chennai,26437,true
825,Bee Van Halen,Mumbai,18402,false
826,Bea Finicj,Trivandrum,29821,true
827,Ali Tutchell,Chennai,16724,true
828,Bettye McGorley,Trivandrum,26406,true
829,Matilde Butfield,Trivandrum,48302,true
830,Zelda Husk,New Delhi,28131,false
831,Wittie Halsall,Mumbai,36350,true
832,Booth Dodsworth,Chennai,15554,false
833,Gabriel Blazejewski,Trivandrum,22701,false
834,Randolf Munks,Trivandrum,27129,true
835,Park Witty,Mysore,34779,true
836,Gretna Kunisch,Trivandrum,11364,false
837,Alfy Mocher,Bangalore,28547,false
838,Estel Meeron,Hyderabad,35542,false
839,Rriocard Janatka,New Delhi,12095,false
840,Karlie Fendley,New Delhi,15629,false
841,Ileane Baudino,Mysore,43068,false
842,Hayden Banister,Chennai,11772,true
843,Martica Guiver,Trivandrum,19584,false
844,Cristobal Kennifeck,Mumbai,26510,false
845,Erek Sycamore,Trivandrum,43571,true
846,Vanya Juster,Mysore,22144,true
847,Cele Bernot,Chennai,42680,false
848,Adena Moscon,Mysore,39466,false
849,Marleen Sails,Chennai,24607,true
850,Paddy Spurriar,Mumbai,36053,false
851,Mathian McIlory,Bangalore,32146,true
852,Pammie Graveson,Trivandrum,11035,false
853,Kristan Gawen,Mumbai,20929,true
854,Brandi Cuddehy,Chennai,29490,true
855,Sibbie Meffin,Hyderabad,37397,true
856,Kelley Pennycuick,New Delhi,13375,false
857,Sheff Kyttor,Bangalore,28613,false
858,Marlo Boulstridge,Bangalore,47645,false
859,Bria Force,Chennai,16420,false
860,Merlina Jeppe,Mumbai,32597,false
861,Ivor Spoward,Chennai,15157,true
862,Anastasia Elgood,Bangalore,41626,true
863,Yasmin Heikkinen,Bangalore,12180,false
864,Heather Pollok,Hyderabad,17464,false
865,Irv Gudgion,Bangalore,49644,false
866,Cindie Prantl,Hyderabad,31411,true
867,Edita Kennan,Hyderabad,27847,true
868,Belva Vlasyev,Chennai,16097,true
869,Baird Kenworthey,Trivandrum,42565,false
870,Celka Aimson,Mysore,21159,false
871,Vickie Birtley,Mysore,14211,false
872,Verla Grima,Hyderabad,42740,false
873,Scott Faireclough,New Delhi,23543,false
874,Kristoforo Blaycock,Chennai,43141,false
875,Calypso Schneidau,Trivandrum,45753,true
876,Silvan Moneypenny,New Delhi,35350,false
877,Daryl Stuchbury,Trivandrum,37085,false
878,Wildon Walklate,Bangalore,13689,false
879,Morey Knowlton,Hyderabad,43797,true
880,Alfred Gulley,Hyderabad,22896,false
881,Silvana MacClinton,Mumbai,13264,true
882,Wade Maudlin,Mumbai,46752,false
883,Rodrique Cadigan,Bangalore,19498,false
884,Isadora Trow,Trivandrum,16545,true
885,Winne Heathcote,Mumbai,46392,true
886,Lucine Landa,Mumbai,10787,true
887,Kleon Atwood,Hyderabad,13364,false
888,Gerry Casillis,Trivandrum,35331,true
889,Lise Gino,Bangalore,41346,true
890,Malynda McLenaghan,Trivandrum,35132,true
891,Florella Brason,Trivandrum,34577,false
892,Raymund Bawles,Bangalore,44732,false
893,Ezra Guerrier,Bangalore,18144,true
894,Vernon Sabbins,Mumbai,38504,true
895,Ernst Loudian,Mumbai,10956,true
896,Candie Jacqueminot,Hyderabad,37858,true
897,Kellen Pluvier,Hyderabad,43198,false
898,Asa Van der Kruys,Trivandrum,12152,true
899,Lazar Nelles,New Delhi,26343,true
900,Adelind Bernasek,Trivandrum,39076,false
901,Katharina Camber,Hyderabad,25640,false
902,Clareta Saunton,Trivandrum,46838,true
903,Dulciana Nollet,Chennai,15479,true
904,Adair Arnault,Bangalore,39497,true
905,Carlie Eldridge,Trivandrum,21657,false
906,Heath Winchurch,Chennai,46156,true
907,Erika Denson,Mumbai,42221,true
908,Stephanus Eyckelberg,Hyderabad,43322,false
909,Grier Upwood,Hyderabad,37119,true
910,Timi Levens,Mysore,29032,true
911,Clyve Theze,New Delhi,28850,false
912,Tarra Scouler,Trivandrum,17594,false
913,Carlie Ongin,Bangalore,42631,true
914,Eddie Katt,Mysore,46802,false
915,Nerta Graeber,Trivandrum,15929,true
916,Heida Bock,Mysore,21609,true
917,Kara-lynn Scapelhorn,New Delhi,11206,true
918,Cahra Harrowsmith,Bangalore,16887,true
919,Roderigo Keats,Mumbai,25298,false
920,Jerrie McGready,Hyderabad,16138,true
921,Ruth Kinloch,Mumbai,39739,false
922,Kizzie Derks,Chennai,15176,false
923,Temple Harnott,Mysore,11032,true
924,Wynnie Cortnay,Mysore,42660,true
925,Willdon Tulloch,Mysore,35450,false
926,Brody Fulun,Trivandrum,48960,true
927,Paxton Squirrel,Bangalore,41711,false
928,Emelen Quinnelly,New Delhi,38115,false
929,Ardelis Blinde,Trivandrum,33284,true
930,Cosetta Nannoni,Chennai,35868,true
931,Clareta Blondell,Mumbai,46322,true
932,Bobby Bodd,New Delhi,28982,true
933,Domenic O'Doherty,Bangalore,43916,true
934,Marya MacAlpin,New Delhi,28285,false
935,Elvera Sango,Mysore,29516,false
936,Elisa McFetridge,Hyderabad,19412,false
937,Brandice Windas,Trivandrum,31753,true
938,Tabb Grzegorczyk,Mysore,29074,false
939,Lorry Van der Kruis,Chennai,44322,true
940,Fey Reed,Mysore,14715,false
941,Kenneth Banaszkiewicz,Mysore,19047,true
942,Fabio Giovannacc@i,Mysore,18732,false
943,Arleta Di Meo,Mysore,42070,true
944,Herve Otridge,Trivandrum,23335,true
945,Sammy Ewbach,New Delhi,44732,true
946,Vincents Heindl,New Delhi,20326,true
947,Natividad Tuxwell,Chennai,45479,true
948,Ado Jakubczyk,Mumbai,41255,true
949,Zenia Plank,Trivandrum,44357,false
950,De witt Strond,Bangalore,43384,false
951,Jamesy Tretwell,Chennai,35477,false
952,Robbin Managh,New Delhi,41094,false
953,Melisent Yendall,Chennai,14273,true
954,Zedekiah Grevile,Bangalore,41367,false
955,Ofilia Bauser,Mumbai,36019,true
956,Royal Franke,Mumbai,23809,false
957,Jami Oxtaby,Chennai,45812,true
958,Gradey Harbage,New Delhi,30099,false
959,Effie Romanin,Hyderabad,48720,true
960,Shae Dermot,New Delhi,29710,true
961,Esmeralda Cheney,Mumbai,41360,false
962,Herby Mohan,Mysore,30528,true
963,Dermot Tabourier,Hyderabad,12127,false
964,Briggs McGrale,Mumbai,44415,false
965,Hewitt Amps,Mumbai,17995,true
966,Evvie Kilroy,Mysore,25175,false
967,Heloise Spering,New Delhi,37918,false
968,Codie Bradie,Bangalore,47912,false
969,Orazio Scottesmoor,Mumbai,11132,true
970,Bar Nast,New Delhi,42551,true
971,Annadiana Whaley,Bangalore,38428,true
972,Godfrey Pougher,Mumbai,49352,true
973,Oralia Hurlestone,Mysore,45631,false
974,Ingeborg Reidie,Bangalore,27730,false
975,Emelita Cartmael,Hyderabad,32104,true
976,Melosa Spincke,Chennai,35286,false
977,Fredrick Siddon,Trivandrum,29824,true
978,Cristobal Sor,Trivandrum,39898,false
979,Vinny Dredge,Chennai,48439,false
980,David Bagby,Bangalore,49832,false
981,Keary Sedgemond,Bangalore,17264,true
982,Justina Whitemarsh,New Delhi,41422,false
983,Bev Scammonden,Trivandrum,30714,false
984,Richie Dedon,Trivandrum,44530,false
985,Godfry Dart,Chennai,24881,true
986,Gusty Walisiak,Trivandrum,20838,false
987,Demetrius Berceros,Chennai,47995,true
988,Ola O'Gaven,Mumbai,31930,true
989,Andreas Mustard,Trivandrum,12439,false
990,Tomlin Coudray,Chennai,46039,false
991,Frasco Sabben,Mysore,15888,false
992,Lane Doddrell,Hyderabad,12844,true
993,Jyoti Fehely,Trivandrum,25757,true
994,Roselle Hanford,Bangalore,30647,true
995,Rriocard McBride,Hyderabad,48624,true
996,Ruby Garbutt,Bangalore,33415,true
997,Sanders Leyson,Mumbai,40364,false
998,Blair Kilbourn,Mumbai,31735,false
999,Lilian Rawnsley,Trivandrum,46695,true
1000,Stacie Alliker,Bangalore,19115,false