orderid,orderdate,customer,product,units,billingaddress,remarks
1,3/11/2019,97,291,61,Mysore,Wonderful Product
2,6/11/2019,526,401,57,Mysore,Pathetic Items Received
3,9/16/2018,916,190,93,Hyderabad,Dont ever dream of buying this item
4,11/13/2018,296,722,98,Mumbai,Strongly Recommend to Everyone to Buy this Product
5,12/26/2018,586,303,78,Bangalore,Wonderful Product
6,8/21/2019,851,127,16,Mumbai,Strongly Recommend to Everyone to Buy this Product
7,8/12/2019,429,485,87,Trivandrum,Awful Items
8,11/24/2018,805,192,21,Hyderabad,Wonderful Product
9,1/10/2019,22,637,96,Chennai,Awful Items
10,8/11/2019,182,433,93,Mysore,Strongly Recommend to Everyone to Buy this Product
11,2/18/2019,656,208,96,Chennai,Awful Items
12,3/21/2019,361,942,45,Kolkata,Wonderful Product
13,7/3/2019,71,379,39,Hyderabad,Pathetic Items Received
14,7/14/2019,677,836,92,Bangalore,Strongly Recommend to Everyone to Buy this Product
15,6/12/2019,917,890,91,Hyderabad,Strongly Recommend to Everyone to Buy this Product
16,4/14/2019,299,522,87,Mysore,Strongly Recommend to Everyone to Buy this Product
17,3/9/2019,360,478,11,Hyderabad,Awful Items
18,7/4/2019,456,795,31,New Delhi,Strongly Recommend to Everyone to Buy this Product
19,11/5/2018,800,350,91,Bangalore,Awful Items
20,11/16/2018,94,193,93,Kolkata,Wonderful Product
21,6/6/2019,384,169,67,Hyderabad,Appreciated
22,1/14/2019,911,629,56,Mumbai,Appreciated
23,8/11/2019,287,918,29,Trivandrum,Awful Items
24,5/26/2019,706,923,15,Hyderabad,Appreciated
25,10/18/2018,803,741,16,New Delhi,Dont ever dream of buying this item
26,3/19/2019,408,90,51,Mumbai,Wonderful Product
27,5/25/2019,201,754,83,Bangalore,Appreciated
28,1/19/2019,125,62,86,New Delhi,Pathetic Items Received
29,5/11/2019,593,447,20,Kolkata,Awful Items
30,5/27/2019,985,610,83,Mysore,Dont ever dream of buying this item
31,9/19/2018,502,244,45,Trivandrum,Pathetic Items Received
32,8/17/2019,742,629,76,Kolkata,Pathetic Items Received
33,6/8/2019,652,867,83,Chennai,Awful Items
34,10/16/2018,648,920,41,Mumbai,Pathetic Items Received
35,8/3/2019,820,475,11,Kolkata,Appreciated
36,3/23/2019,444,952,53,Kolkata,Appreciated
37,4/19/2019,379,55,18,Kolkata,Awful Items
38,2/10/2019,365,57,42,Trivandrum,Strongly Recommend to Everyone to Buy this Product
39,12/20/2018,454,587,17,Mysore,Awful Items
40,1/11/2019,151,645,25,Hyderabad,Awful Items
41,12/26/2018,498,894,10,Kolkata,Awful Items
42,1/30/2019,747,349,93,Mysore,Pathetic Items Received
43,5/8/2019,747,708,22,Trivandrum,Awful Items
44,2/24/2019,416,266,100,Hyderabad,Pathetic Items Received
45,1/18/2019,283,6,96,Trivandrum,Pathetic Items Received
46,3/3/2019,600,273,32,Hyderabad,Strongly Recommend to Everyone to Buy this Product
47,10/31/2018,580,755,51,New Delhi,Pathetic Items Received
48,9/13/2018,770,225,28,Bangalore,Wonderful Product
49,5/9/2019,966,808,52,Chennai,Wonderful Product
50,8/12/2019,687,361,100,Trivandrum,Awful Items
51,3/28/2019,884,779,57,New Delhi,Dont ever dream of buying this item
52,10/5/2018,91,373,82,Mysore,Dont ever dream of buying this item
53,7/1/2019,183,174,73,Kolkata,Dont ever dream of buying this item
54,5/17/2019,949,730,46,Hyderabad,Awful Items
55,3/15/2019,313,761,92,Kolkata,Pathetic Items Received
56,8/16/2019,379,126,44,Mysore,Dont ever dream of buying this item
57,2/4/2019,597,634,89,Mumbai,Wonderful Product
58,10/17/2018,33,926,56,Kolkata,Dont ever dream of buying this item
59,6/14/2019,517,547,82,Trivandrum,Pathetic Items Received
60,7/7/2019,959,799,70,Trivandrum,Strongly Recommend to Everyone to Buy this Product
61,1/21/2019,796,292,10,New Delhi,Strongly Recommend to Everyone to Buy this Product
62,3/31/2019,85,31,37,Trivandrum,Appreciated
63,9/19/2018,345,692,73,Mysore,Awful Items
64,10/15/2018,311,55,90,Bangalore,Dont ever dream of buying this item
65,6/6/2019,586,5,82,Chennai,Pathetic Items Received
66,10/7/2018,529,964,30,Mumbai,Dont ever dream of buying this item
67,2/21/2019,172,294,17,Bangalore,Awful Items
68,7/23/2019,439,607,41,Bangalore,Strongly Recommend to Everyone to Buy this Product
69,1/30/2019,814,596,50,Chennai,Strongly Recommend to Everyone to Buy this Product
70,1/5/2019,137,631,99,Mysore,Pathetic Items Received
71,7/7/2019,328,112,50,Hyderabad,Appreciated
72,7/20/2019,900,174,32,New Delhi,Appreciated
73,12/30/2018,662,961,74,Mysore,Dont ever dream of buying this item
74,9/8/2019,977,581,24,Mysore,Appreciated
75,2/11/2019,132,858,26,Mysore,Pathetic Items Received
76,3/9/2019,893,592,31,Bangalore,Pathetic Items Received
77,5/30/2019,662,254,96,Mumbai,Appreciated
78,10/28/2018,970,482,84,Kolkata,Awful Items
79,8/12/2019,449,435,21,Kolkata,Pathetic Items Received
80,9/14/2018,57,640,68,Kolkata,Dont ever dream of buying this item
81,4/20/2019,547,344,19,New Delhi,Dont ever dream of buying this item
82,1/15/2019,77,980,30,Hyderabad,Wonderful Product
83,12/31/2018,94,197,44,Mysore,Wonderful Product
84,10/8/2018,442,663,94,Trivandrum,Pathetic Items Received
85,9/18/2018,524,229,95,Trivandrum,Awful Items
86,3/7/2019,489,756,26,Bangalore,Strongly Recommend to Everyone to Buy this Product
87,11/8/2018,387,190,12,Chennai,Dont ever dream of buying this item
88,7/28/2019,990,382,100,Mumbai,Strongly Recommend to Everyone to Buy this Product
89,3/4/2019,483,51,47,Trivandrum,Awful Items
90,11/2/2018,139,158,30,Trivandrum,Dont ever dream of buying this item
91,8/7/2019,836,239,53,Chennai,Appreciated
92,3/12/2019,557,653,89,Kolkata,Wonderful Product
93,8/2/2019,839,414,89,Mysore,Pathetic Items Received
94,3/22/2019,281,432,69,Trivandrum,Pathetic Items Received
95,4/6/2019,561,903,29,Trivandrum,Appreciated
96,9/29/2018,449,747,100,Hyderabad,Awful Items
97,2/4/2019,488,199,43,Kolkata,Wonderful Product
98,1/16/2019,59,686,33,Mysore,Wonderful Product
99,12/14/2018,395,145,36,Bangalore,Wonderful Product
100,9/9/2018,669,816,69,Kolkata,Awful Items
101,12/6/2018,164,510,96,Mumbai,Strongly Recommend to Everyone to Buy this Product
102,7/2/2019,873,63,29,Hyderabad,Appreciated
103,5/26/2019,845,331,98,Chennai,Wonderful Product
104,3/8/2019,259,99,70,Trivandrum,Pathetic Items Received
105,12/16/2018,717,529,67,Mysore,Dont ever dream of buying this item
106,7/11/2019,554,664,47,Hyderabad,Wonderful Product
107,5/23/2019,22,673,64,Mysore,Dont ever dream of buying this item
108,11/30/2018,39,159,45,Mysore,Dont ever dream of buying this item
109,6/24/2019,604,370,53,Bangalore,Strongly Recommend to Everyone to Buy this Product
110,10/1/2018,484,524,92,Kolkata,Strongly Recommend to Everyone to Buy this Product
111,10/21/2018,981,439,48,Hyderabad,Pathetic Items Received
112,2/16/2019,105,583,43,New Delhi,Strongly Recommend to Everyone to Buy this Product
113,11/24/2018,898,561,56,Trivandrum,Strongly Recommend to Everyone to Buy this Product
114,8/27/2019,100,759,81,Trivandrum,Appreciated
115,12/22/2018,997,819,20,Bangalore,Strongly Recommend to Everyone to Buy this Product
116,11/3/2018,757,200,42,New Delhi,Appreciated
117,8/24/2019,245,161,15,Hyderabad,Pathetic Items Received
118,8/30/2019,916,96,73,Mumbai,Strongly Recommend to Everyone to Buy this Product
119,12/12/2018,926,876,34,New Delhi,Awful Items
120,10/1/2018,417,973,28,Trivandrum,Appreciated
121,4/5/2019,337,617,100,Trivandrum,Awful Items
122,11/25/2018,879,561,49,Mysore,Dont ever dream of buying this item
123,6/8/2019,33,66,73,Mysore,Strongly Recommend to Everyone to Buy this Product
124,12/25/2018,515,606,12,Mysore,Appreciated
125,7/1/2019,16,429,92,Kolkata,Awful Items
126,8/2/2019,710,220,21,Chennai,Appreciated
127,12/9/2018,464,44,43,New Delhi,Wonderful Product
128,11/14/2018,754,957,40,Mumbai,Wonderful Product
129,7/2/2019,267,339,39,Trivandrum,Strongly Recommend to Everyone to Buy this Product
130,5/16/2019,551,324,78,Trivandrum,Awful Items
131,5/17/2019,851,937,14,Trivandrum,Dont ever dream of buying this item
132,1/17/2019,494,723,72,Trivandrum,Appreciated
133,11/25/2018,360,411,41,Mumbai,Wonderful Product
134,12/3/2018,386,928,45,Chennai,Pathetic Items Received
135,4/8/2019,563,454,14,Mumbai,Pathetic Items Received
136,10/26/2018,582,629,41,Trivandrum,Pathetic Items Received
137,8/15/2019,769,692,100,Kolkata,Dont ever dream of buying this item
138,7/13/2019,182,938,96,Chennai,Appreciated
139,5/19/2019,338,194,50,Hyderabad,Appreciated
140,4/25/2019,602,327,70,Kolkata,Dont ever dream of buying this item
141,1/24/2019,145,817,65,Bangalore,Dont ever dream of buying this item
142,5/16/2019,127,45,33,Bangalore,Pathetic Items Received
143,2/16/2019,720,899,56,Chennai,Strongly Recommend to Everyone to Buy this Product
144,12/27/2018,193,458,18,Kolkata,Wonderful Product
145,6/3/2019,517,44,60,Mumbai,Wonderful Product
146,11/22/2018,497,948,83,New Delhi,Strongly Recommend to Everyone to Buy this Product
147,6/27/2019,641,728,58,Bangalore,Awful Items
148,6/23/2019,311,161,13,Hyderabad,Appreciated
149,12/18/2018,462,837,81,Hyderabad,Strongly Recommend to Everyone to Buy this Product
150,5/7/2019,997,378,67,Mumbai,Strongly Recommend to Everyone to Buy this Product
151,5/6/2019,100,265,80,Chennai,Appreciated
152,8/15/2019,513,836,65,Chennai,Strongly Recommend to Everyone to Buy this Product
153,12/19/2018,341,845,69,Chennai,Dont ever dream of buying this item
154,12/16/2018,987,408,92,Hyderabad,Awful Items
155,1/25/2019,655,825,50,Chennai,Pathetic Items Received
156,5/25/2019,522,399,97,Bangalore,Strongly Recommend to Everyone to Buy this Product
157,1/20/2019,661,590,12,Bangalore,Strongly Recommend to Everyone to Buy this Product
158,7/5/2019,396,891,31,Trivandrum,Pathetic Items Received
159,9/5/2019,878,549,68,Mumbai,Pathetic Items Received
160,1/23/2019,685,339,48,Mumbai,Wonderful Product
161,4/13/2019,654,133,53,Mumbai,Dont ever dream of buying this item
162,3/14/2019,131,805,60,Trivandrum,Strongly Recommend to Everyone to Buy this Product
163,6/21/2019,359,937,32,Kolkata,Pathetic Items Received
164,8/18/2019,502,558,35,Chennai,Appreciated
165,8/22/2019,786,323,35,Kolkata,Dont ever dream of buying this item
166,12/18/2018,815,450,30,Kolkata,Wonderful Product
167,10/4/2018,829,508,83,Hyderabad,Dont ever dream of buying this item
168,11/20/2018,115,474,32,Trivandrum,Strongly Recommend to Everyone to Buy this Product
169,2/22/2019,17,939,66,Bangalore,Dont ever dream of buying this item
170,3/2/2019,799,437,81,Hyderabad,Dont ever dream of buying this item
171,6/16/2019,750,611,59,Trivandrum,Awful Items
172,8/22/2019,51,288,49,Chennai,Wonderful Product
173,12/4/2018,619,23,84,Bangalore,Pathetic Items Received
174,11/26/2018,542,499,92,Mumbai,Awful Items
175,9/1/2019,3,423,86,Mysore,Wonderful Product
176,8/31/2019,863,28,67,Hyderabad,Dont ever dream of buying this item
177,8/1/2019,875,361,41,Kolkata,Appreciated
178,3/11/2019,481,538,46,Kolkata,Dont ever dream of buying this item
179,12/12/2018,961,389,81,New Delhi,Dont ever dream of buying this item
180,4/17/2019,830,34,71,New Delhi,Pathetic Items Received
181,7/3/2019,1,23,39,Bangalore,Appreciated
182,10/6/2018,749,709,33,Mysore,Pathetic Items Received
183,8/21/2019,751,395,56,Bangalore,Pathetic Items Received
184,2/4/2019,794,637,91,Mysore,Dont ever dream of buying this item
185,3/5/2019,648,104,38,New Delhi,Pathetic Items Received
186,6/24/2019,968,693,18,Chennai,Strongly Recommend to Everyone to Buy this Product
187,1/25/2019,578,884,37,Chennai,Appreciated
188,1/16/2019,409,158,59,New Delhi,Pathetic Items Received
189,11/26/2018,793,66,89,Bangalore,Dont ever dream of buying this item
190,5/5/2019,156,764,82,Kolkata,Dont ever dream of buying this item
191,11/19/2018,208,784,41,Bangalore,Awful Items
192,4/28/2019,211,893,82,Mysore,Awful Items
193,4/24/2019,674,177,86,Chennai,Dont ever dream of buying this item
194,1/31/2019,66,2,83,Mumbai,Strongly Recommend to Everyone to Buy this Product
195,7/29/2019,88,328,92,Hyderabad,Strongly Recommend to Everyone to Buy this Product
196,12/31/2018,723,715,93,Mumbai,Appreciated
197,1/22/2019,767,993,45,Mysore,Awful Items
198,11/21/2018,884,1,61,Chennai,Strongly Recommend to Everyone to Buy this Product
199,11/1/2018,364,603,31,Hyderabad,Dont ever dream of buying this item
200,7/2/2019,183,928,59,Chennai,Strongly Recommend to Everyone to Buy this Product
201,7/12/2019,497,484,24,Kolkata,Wonderful Product
202,9/1/2019,81,227,87,Trivandrum,Awful Items
203,1/6/2019,405,603,100,Mumbai,Appreciated
204,8/30/2019,214,41,47,Bangalore,Dont ever dream of buying this item
205,2/27/2019,624,362,17,Hyderabad,Strongly Recommend to Everyone to Buy this Product
206,1/2/2019,859,691,18,New Delhi,Awful Items
207,8/19/2019,191,403,83,Chennai,Awful Items
208,11/18/2018,913,897,48,Trivandrum,Appreciated
209,9/19/2018,353,159,81,Hyderabad,Dont ever dream of buying this item
210,9/26/2018,922,340,91,Bangalore,Awful Items
211,11/4/2018,174,175,43,New Delhi,Awful Items
212,10/2/2018,824,317,18,New Delhi,Awful Items
213,9/13/2018,507,649,26,Hyderabad,Awful Items
214,5/28/2019,468,920,93,New Delhi,Awful Items
215,11/26/2018,263,588,50,Mysore,Awful Items
216,1/8/2019,881,345,62,Mysore,Wonderful Product
217,6/20/2019,126,987,68,Bangalore,Dont ever dream of buying this item
218,10/22/2018,854,402,91,Chennai,Wonderful Product
219,6/6/2019,66,211,64,Hyderabad,Pathetic Items Received
220,9/4/2019,661,526,30,Hyderabad,Awful Items
221,8/3/2019,826,836,42,Trivandrum,Awful Items
222,10/31/2018,213,234,73,Chennai,Awful Items
223,12/21/2018,608,776,28,Chennai,Wonderful Product
224,6/24/2019,215,674,82,Mysore,Awful Items
225,1/18/2019,607,589,13,Trivandrum,Wonderful Product
226,7/20/2019,923,87,54,Chennai,Appreciated
227,2/15/2019,137,672,36,Trivandrum,Strongly Recommend to Everyone to Buy this Product
228,11/14/2018,444,810,19,Mumbai,Pathetic Items Received
229,3/3/2019,483,759,51,Chennai,Dont ever dream of buying this item
230,10/6/2018,808,27,50,Mumbai,Awful Items
231,8/30/2019,27,632,13,Kolkata,Strongly Recommend to Everyone to Buy this Product
232,12/26/2018,817,888,26,Kolkata,Strongly Recommend to Everyone to Buy this Product
233,6/10/2019,353,388,14,New Delhi,Awful Items
234,3/2/2019,398,724,11,Chennai,Awful Items
235,3/4/2019,535,446,36,Bangalore,Wonderful Product
236,10/4/2018,466,789,82,Bangalore,Strongly Recommend to Everyone to Buy this Product
237,10/2/2018,635,232,47,Mumbai,Awful Items
238,3/11/2019,633,663,21,Trivandrum,Dont ever dream of buying this item
239,8/9/2019,220,262,54,Bangalore,Appreciated
240,7/16/2019,671,247,83,Mysore,Pathetic Items Received
241,11/11/2018,934,660,64,Mumbai,Pathetic Items Received
242,10/2/2018,143,492,84,Bangalore,Pathetic Items Received
243,8/7/2019,717,398,16,Bangalore,Awful Items
244,5/20/2019,101,252,67,Hyderabad,Appreciated
245,11/30/2018,585,518,40,Bangalore,Dont ever dream of buying this item
246,10/30/2018,146,284,79,New Delhi,Awful Items
247,3/22/2019,142,740,72,Hyderabad,Awful Items
248,7/6/2019,620,693,32,Hyderabad,Appreciated
249,10/13/2018,78,753,81,Chennai,Wonderful Product
250,8/25/2019,186,96,59,Kolkata,Strongly Recommend to Everyone to Buy this Product
251,12/14/2018,774,339,21,Chennai,Awful Items
252,2/11/2019,205,120,25,Trivandrum,Awful Items
253,4/20/2019,81,713,22,Kolkata,Appreciated
254,8/4/2019,135,413,90,Chennai,Strongly Recommend to Everyone to Buy this Product
255,5/21/2019,861,964,72,Chennai,Awful Items
256,9/2/2019,733,533,75,Bangalore,Dont ever dream of buying this item
257,11/14/2018,198,110,40,Bangalore,Awful Items
258,10/9/2018,779,47,63,Bangalore,Awful Items
259,6/4/2019,372,762,21,Chennai,Awful Items
260,10/16/2018,633,759,32,New Delhi,Dont ever dream of buying this item
261,11/13/2018,554,315,29,Mysore,Awful Items
262,9/2/2019,92,2,21,Mysore,Awful Items
263,4/23/2019,794,976,75,Chennai,Strongly Recommend to Everyone to Buy this Product
264,8/18/2019,370,51,35,Mumbai,Strongly Recommend to Everyone to Buy this Product
265,4/30/2019,721,366,17,Mumbai,Awful Items
266,2/6/2019,701,50,97,New Delhi,Pathetic Items Received
267,9/23/2018,265,448,69,Mumbai,Wonderful Product
268,11/27/2018,716,44,51,Mysore,Awful Items
269,8/7/2019,492,740,42,Kolkata,Dont ever dream of buying this item
270,4/25/2019,524,761,100,Mumbai,Pathetic Items Received
271,2/8/2019,451,329,86,Mysore,Appreciated
272,4/11/2019,451,373,19,Mumbai,Appreciated
273,6/1/2019,708,343,43,Mysore,Pathetic Items Received
274,4/19/2019,976,704,22,Hyderabad,Dont ever dream of buying this item
275,2/23/2019,943,919,83,Bangalore,Pathetic Items Received
276,2/21/2019,14,226,14,Trivandrum,Dont ever dream of buying this item
277,10/25/2018,929,99,67,Mysore,Wonderful Product
278,1/19/2019,697,344,36,Mysore,Pathetic Items Received
279,12/30/2018,445,763,24,Kolkata,Dont ever dream of buying this item
280,1/16/2019,827,737,38,Mumbai,Awful Items
281,10/20/2018,826,1000,85,Mysore,Dont ever dream of buying this item
282,3/20/2019,940,367,26,Trivandrum,Awful Items
283,1/12/2019,306,927,20,Kolkata,Appreciated
284,4/17/2019,559,40,45,Mumbai,Pathetic Items Received
285,1/28/2019,34,330,46,Hyderabad,Strongly Recommend to Everyone to Buy this Product
286,9/1/2019,342,376,83,Hyderabad,Appreciated
287,10/2/2018,992,998,28,Mumbai,Pathetic Items Received
288,2/19/2019,488,365,61,New Delhi,Dont ever dream of buying this item
289,8/15/2019,85,770,52,Bangalore,Pathetic Items Received
290,1/10/2019,271,420,55,Kolkata,Appreciated
291,9/12/2018,502,592,14,Chennai,Pathetic Items Received
292,8/9/2019,787,208,83,Chennai,Appreciated
293,10/16/2018,19,263,29,Chennai,Strongly Recommend to Everyone to Buy this Product
294,5/4/2019,802,177,78,Kolkata,Awful Items
295,1/29/2019,304,94,70,New Delhi,Awful Items
296,9/26/2018,497,195,25,Hyderabad,Appreciated
297,3/2/2019,527,898,15,Hyderabad,Pathetic Items Received
298,1/3/2019,521,682,65,Bangalore,Awful Items
299,2/17/2019,799,670,49,Trivandrum,Strongly Recommend to Everyone to Buy this Product
300,3/28/2019,896,548,65,Trivandrum,Pathetic Items Received
301,2/19/2019,873,194,67,Mysore,Strongly Recommend to Everyone to Buy this Product
302,1/20/2019,458,306,13,Trivandrum,Awful Items
303,11/5/2018,177,894,82,Bangalore,Wonderful Product
304,10/25/2018,182,55,77,Hyderabad,Pathetic Items Received
305,2/17/2019,371,47,34,Kolkata,Strongly Recommend to Everyone to Buy this Product
306,9/7/2019,756,167,58,Bangalore,Pathetic Items Received
307,7/25/2019,935,608,36,Trivandrum,Pathetic Items Received
308,1/17/2019,907,176,25,Mysore,Appreciated
309,11/15/2018,68,402,54,Kolkata,Wonderful Product
310,6/15/2019,581,700,63,Kolkata,Awful Items
311,2/7/2019,137,98,87,Mumbai,Strongly Recommend to Everyone to Buy this Product
312,3/8/2019,763,510,17,Bangalore,Pathetic Items Received
313,6/9/2019,144,272,67,New Delhi,Awful Items
314,1/22/2019,960,236,78,Mumbai,Strongly Recommend to Everyone to Buy this Product
315,3/1/2019,328,529,35,Mysore,Appreciated
316,10/19/2018,158,45,11,Chennai,Awful Items
317,3/20/2019,222,380,97,Mumbai,Appreciated
318,6/24/2019,379,711,25,Trivandrum,Dont ever dream of buying this item
319,1/23/2019,678,550,55,New Delhi,Strongly Recommend to Everyone to Buy this Product
320,11/11/2018,284,186,75,Trivandrum,Appreciated
321,7/11/2019,369,303,77,Chennai,Dont ever dream of buying this item
322,2/9/2019,937,792,84,Mumbai,Wonderful Product
323,9/16/2018,883,447,55,New Delhi,Appreciated
324,10/11/2018,788,90,41,Trivandrum,Wonderful Product
325,7/27/2019,190,832,46,Trivandrum,Awful Items
326,10/28/2018,507,449,66,Bangalore,Strongly Recommend to Everyone to Buy this Product
327,3/26/2019,696,942,55,Hyderabad,Appreciated
328,10/22/2018,764,398,30,Trivandrum,Dont ever dream of buying this item
329,3/22/2019,373,730,57,Mysore,Awful Items
330,9/18/2018,600,744,56,Trivandrum,Strongly Recommend to Everyone to Buy this Product
331,12/3/2018,93,99,67,Bangalore,Strongly Recommend to Everyone to Buy this Product
332,11/15/2018,895,862,43,Mysore,Pathetic Items Received
333,3/22/2019,405,492,39,Kolkata,Pathetic Items Received
334,3/19/2019,970,604,22,Hyderabad,Pathetic Items Received
335,10/30/2018,316,687,70,Hyderabad,Wonderful Product
336,11/26/2018,233,574,48,Mumbai,Appreciated
337,3/31/2019,801,592,18,Chennai,Wonderful Product
338,11/8/2018,715,264,76,Chennai,Pathetic Items Received
339,6/3/2019,673,856,55,New Delhi,Dont ever dream of buying this item
340,2/25/2019,961,681,77,Bangalore,Wonderful Product
341,5/31/2019,708,299,54,Trivandrum,Strongly Recommend to Everyone to Buy this Product
342,6/12/2019,915,310,36,Mysore,Awful Items
343,3/20/2019,743,907,30,Mumbai,Awful Items
344,5/30/2019,833,481,88,Mysore,Dont ever dream of buying this item
345,12/25/2018,817,543,47,Hyderabad,Appreciated
346,8/14/2019,449,786,19,Chennai,Wonderful Product
347,2/11/2019,854,438,100,Mysore,Awful Items
348,6/3/2019,476,939,37,Chennai,Appreciated
349,7/2/2019,619,183,91,Mumbai,Awful Items
350,4/26/2019,124,889,95,New Delhi,Dont ever dream of buying this item
351,2/13/2019,16,4,83,Trivandrum,Strongly Recommend to Everyone to Buy this Product
352,12/10/2018,890,400,81,Mumbai,Wonderful Product
353,2/17/2019,802,232,12,Trivandrum,Strongly Recommend to Everyone to Buy this Product
354,12/6/2018,25,49,20,New Delhi,Dont ever dream of buying this item
355,6/27/2019,295,721,47,Mumbai,Wonderful Product
356,3/28/2019,501,588,67,Hyderabad,Pathetic Items Received
357,12/12/2018,149,859,23,Mysore,Dont ever dream of buying this item
358,1/28/2019,129,335,89,Mumbai,Dont ever dream of buying this item
359,7/2/2019,283,823,79,Chennai,Appreciated
360,5/31/2019,898,880,42,New Delhi,Wonderful Product
361,3/5/2019,572,635,32,Mumbai,Pathetic Items Received
362,2/20/2019,204,171,28,Mumbai,Awful Items
363,7/23/2019,907,914,67,Bangalore,Wonderful Product
364,5/1/2019,528,592,12,New Delhi,Dont ever dream of buying this item
365,12/19/2018,56,234,39,Bangalore,Wonderful Product
366,1/6/2019,86,524,56,New Delhi,Appreciated
367,4/14/2019,769,554,25,Kolkata,Dont ever dream of buying this item
368,4/2/2019,827,318,94,Kolkata,Dont ever dream of buying this item
369,4/19/2019,628,672,54,Kolkata,Dont ever dream of buying this item
370,1/2/2019,928,518,14,Trivandrum,Pathetic Items Received
371,8/11/2019,969,92,95,New Delhi,Wonderful Product
372,6/26/2019,283,143,83,Mumbai,Awful Items
373,4/30/2019,136,535,93,Mumbai,Wonderful Product
374,4/30/2019,203,280,40,New Delhi,Pathetic Items Received
375,9/30/2018,38,596,10,Hyderabad,Wonderful Product
376,3/18/2019,636,875,41,New Delhi,Awful Items
377,1/6/2019,450,549,17,New Delhi,Wonderful Product
378,9/24/2018,530,178,40,Trivandrum,Dont ever dream of buying this item
379,3/7/2019,461,274,99,Kolkata,Pathetic Items Received
380,6/2/2019,467,103,90,New Delhi,Wonderful Product
381,9/6/2019,499,339,100,Mumbai,Dont ever dream of buying this item
382,5/24/2019,361,428,37,Mumbai,Appreciated
383,9/3/2019,214,80,29,New Delhi,Pathetic Items Received
384,1/28/2019,773,240,38,Mumbai,Pathetic Items Received
385,8/7/2019,256,792,40,Trivandrum,Appreciated
386,5/21/2019,474,362,77,Bangalore,Wonderful Product
387,1/23/2019,21,554,45,Kolkata,Appreciated
388,11/27/2018,223,31,77,Bangalore,Awful Items
389,10/30/2018,337,48,14,Kolkata,Awful Items
390,9/5/2019,449,223,96,Chennai,Strongly Recommend to Everyone to Buy this Product
391,3/28/2019,928,298,16,Bangalore,Strongly Recommend to Everyone to Buy this Product
392,2/11/2019,664,4,39,Hyderabad,Wonderful Product
393,7/13/2019,646,580,15,Hyderabad,Strongly Recommend to Everyone to Buy this Product
394,9/13/2018,390,71,26,Mysore,Pathetic Items Received
395,10/29/2018,487,611,95,Mysore,Appreciated
396,4/9/2019,102,507,32,New Delhi,Strongly Recommend to Everyone to Buy this Product
397,6/28/2019,95,257,16,Mysore,Awful Items
398,2/4/2019,297,501,30,Mysore,Wonderful Product
399,9/10/2018,409,972,51,Trivandrum,Appreciated
400,5/29/2019,576,947,47,Mysore,Appreciated
401,5/29/2019,913,513,95,Hyderabad,Strongly Recommend to Everyone to Buy this Product
402,6/10/2019,773,752,34,Chennai,Strongly Recommend to Everyone to Buy this Product
403,4/11/2019,161,863,78,Mysore,Wonderful Product
404,5/4/2019,968,746,59,Bangalore,Strongly Recommend to Everyone to Buy this Product
405,8/15/2019,94,982,76,Kolkata,Appreciated
406,5/10/2019,962,990,82,Hyderabad,Dont ever dream of buying this item
407,2/21/2019,580,663,27,Chennai,Pathetic Items Received
408,2/24/2019,465,422,82,Chennai,Strongly Recommend to Everyone to Buy this Product
409,10/31/2018,900,497,18,Trivandrum,Strongly Recommend to Everyone to Buy this Product
410,10/5/2018,405,368,50,New Delhi,Pathetic Items Received
411,4/4/2019,786,963,68,New Delhi,Wonderful Product
412,3/3/2019,779,846,48,Mumbai,Pathetic Items Received
413,9/27/2018,683,87,83,Chennai,Dont ever dream of buying this item
414,11/6/2018,436,934,37,Mumbai,Pathetic Items Received
415,2/16/2019,225,254,25,Hyderabad,Awful Items
416,4/24/2019,198,545,63,Mumbai,Awful Items
417,4/20/2019,127,240,36,Bangalore,Pathetic Items Received
418,10/21/2018,456,456,12,Kolkata,Strongly Recommend to Everyone to Buy this Product
419,8/17/2019,140,434,44,Trivandrum,Wonderful Product
420,11/8/2018,182,388,65,Bangalore,Pathetic Items Received
421,6/12/2019,243,153,41,Mysore,Dont ever dream of buying this item
422,8/12/2019,482,538,97,Kolkata,Awful Items
423,8/15/2019,979,831,43,Bangalore,Awful Items
424,12/6/2018,990,447,74,Chennai,Wonderful Product
425,2/27/2019,680,680,90,New Delhi,Strongly Recommend to Everyone to Buy this Product
426,8/13/2019,16,6,45,Mysore,Pathetic Items Received
427,5/10/2019,204,396,46,Mumbai,Pathetic Items Received
428,6/1/2019,172,264,51,Bangalore,Appreciated
429,5/14/2019,771,152,17,Bangalore,Awful Items
430,2/7/2019,440,322,34,Hyderabad,Wonderful Product
431,3/9/2019,10,273,19,Trivandrum,Appreciated
432,6/29/2019,474,173,10,Kolkata,Awful Items
433,2/18/2019,258,378,55,Mysore,Appreciated
434,8/23/2019,112,434,39,Kolkata,Pathetic Items Received
435,7/26/2019,578,123,46,Kolkata,Awful Items
436,4/15/2019,281,145,26,Chennai,Awful Items
437,4/8/2019,908,85,40,Chennai,Pathetic Items Received
438,4/8/2019,935,682,59,Kolkata,Wonderful Product
439,8/5/2019,274,954,14,Chennai,Awful Items
440,4/4/2019,541,408,62,Bangalore,Strongly Recommend to Everyone to Buy this Product
441,5/29/2019,474,321,98,New Delhi,Appreciated
442,10/10/2018,210,185,92,Hyderabad,Wonderful Product
443,11/1/2018,84,479,53,Trivandrum,Appreciated
444,1/2/2019,798,207,88,New Delhi,Strongly Recommend to Everyone to Buy this Product
445,5/26/2019,628,170,20,Kolkata,Appreciated
446,6/13/2019,571,850,62,New Delhi,Strongly Recommend to Everyone to Buy this Product
447,5/25/2019,265,421,73,Hyderabad,Appreciated
448,7/24/2019,794,426,40,Hyderabad,Strongly Recommend to Everyone to Buy this Product
449,9/15/2018,112,289,73,Chennai,Pathetic Items Received
450,7/19/2019,739,399,62,Hyderabad,Dont ever dream of buying this item
451,11/4/2018,941,351,13,Mysore,Strongly Recommend to Everyone to Buy this Product
452,3/12/2019,897,237,49,Mumbai,Appreciated
453,10/18/2018,935,957,51,New Delhi,Wonderful Product
454,1/26/2019,744,804,14,Kolkata,Pathetic Items Received
455,3/20/2019,580,346,39,Trivandrum,Appreciated
456,5/12/2019,154,788,54,Bangalore,Dont ever dream of buying this item
457,6/14/2019,24,160,83,New Delhi,Dont ever dream of buying this item
458,2/14/2019,973,783,28,New Delhi,Dont ever dream of buying this item
459,4/13/2019,373,936,66,Trivandrum,Dont ever dream of buying this item
460,12/3/2018,276,873,80,Chennai,Pathetic Items Received
461,12/17/2018,117,759,69,New Delhi,Appreciated
462,6/7/2019,750,851,97,New Delhi,Pathetic Items Received
463,6/5/2019,570,574,26,Mysore,Pathetic Items Received
464,9/22/2018,405,289,12,Mumbai,Wonderful Product
465,2/23/2019,237,812,68,Chennai,Pathetic Items Received
466,1/4/2019,905,420,38,Kolkata,Strongly Recommend to Everyone to Buy this Product
467,9/6/2019,114,971,18,Chennai,Awful Items
468,7/13/2019,621,89,42,New Delhi,Appreciated
469,6/1/2019,432,584,50,Mumbai,Wonderful Product
470,6/14/2019,965,107,43,Mysore,Awful Items
471,8/24/2019,817,862,55,Bangalore,Appreciated
472,11/6/2018,457,645,10,Trivandrum,Dont ever dream of buying this item
473,9/8/2019,656,766,11,Kolkata,Pathetic Items Received
474,6/23/2019,685,613,46,New Delhi,Pathetic Items Received
475,11/23/2018,469,811,26,Mysore,Dont ever dream of buying this item
476,6/3/2019,677,443,45,Bangalore,Appreciated
477,1/23/2019,314,786,84,New Delhi,Appreciated
478,10/26/2018,593,711,81,Kolkata,Dont ever dream of buying this item
479,1/17/2019,197,804,64,Kolkata,Strongly Recommend to Everyone to Buy this Product
480,12/5/2018,814,18,86,Hyderabad,Dont ever dream of buying this item
481,4/22/2019,531,43,76,Mumbai,Pathetic Items Received
482,6/24/2019,954,394,29,Hyderabad,Dont ever dream of buying this item
483,10/14/2018,225,207,14,Chennai,Dont ever dream of buying this item
484,5/23/2019,301,388,100,Kolkata,Pathetic Items Received
485,5/7/2019,98,736,56,Mumbai,Appreciated
486,10/6/2018,747,158,10,Trivandrum,Awful Items
487,11/22/2018,57,476,33,Kolkata,Awful Items
488,12/6/2018,295,492,81,Trivandrum,Dont ever dream of buying this item
489,2/23/2019,761,875,37,Hyderabad,Dont ever dream of buying this item
490,11/9/2018,288,791,11,Chennai,Dont ever dream of buying this item
491,7/26/2019,198,545,43,Kolkata,Appreciated
492,4/5/2019,904,86,30,Chennai,Dont ever dream of buying this item
493,1/30/2019,161,725,15,Mysore,Wonderful Product
494,10/20/2018,773,30,98,Kolkata,Dont ever dream of buying this item
495,7/15/2019,51,577,35,Hyderabad,Strongly Recommend to Everyone to Buy this Product
496,4/8/2019,917,898,54,Bangalore,Strongly Recommend to Everyone to Buy this Product
497,10/3/2018,835,553,59,Mysore,Dont ever dream of buying this item
498,11/28/2018,835,683,39,Mysore,Appreciated
499,2/27/2019,750,32,32,Kolkata,Dont ever dream of buying this item
500,2/7/2019,27,896,88,Trivandrum,Dont ever dream of buying this item
501,10/30/2018,928,104,63,Chennai,Pathetic Items Received
502,4/6/2019,478,228,73,Kolkata,Awful Items
503,4/21/2019,977,345,47,Kolkata,Wonderful Product
504,10/19/2018,148,525,14,New Delhi,Strongly Recommend to Everyone to Buy this Product
505,12/9/2018,818,366,85,Trivandrum,Appreciated
506,6/18/2019,769,145,72,Chennai,Dont ever dream of buying this item
507,1/3/2019,959,39,72,Mumbai,Pathetic Items Received
508,7/5/2019,221,932,54,Mysore,Pathetic Items Received
509,10/15/2018,969,314,26,Trivandrum,Appreciated
510,7/30/2019,402,304,35,Chennai,Pathetic Items Received
511,10/20/2018,177,911,91,Kolkata,Appreciated
512,9/11/2018,512,890,39,Bangalore,Appreciated
513,6/4/2019,551,940,41,Bangalore,Strongly Recommend to Everyone to Buy this Product
514,7/16/2019,864,112,63,Hyderabad,Wonderful Product
515,2/22/2019,606,381,34,New Delhi,Awful Items
516,3/5/2019,354,638,42,Bangalore,Pathetic Items Received
517,5/1/2019,539,586,33,Chennai,Appreciated
518,6/1/2019,445,716,23,Kolkata,Appreciated
519,12/23/2018,789,973,58,Mysore,Dont ever dream of buying this item
520,7/29/2019,79,231,85,Mysore,Pathetic Items Received
521,3/1/2019,14,744,14,Hyderabad,Awful Items
522,1/3/2019,600,438,85,Kolkata,Appreciated
523,9/29/2018,765,56,92,Mumbai,Appreciated
524,3/25/2019,947,157,42,Hyderabad,Pathetic Items Received
525,10/23/2018,992,917,13,Trivandrum,Awful Items
526,9/9/2018,337,212,95,Mumbai,Wonderful Product
527,5/31/2019,88,771,21,Chennai,Strongly Recommend to Everyone to Buy this Product
528,5/9/2019,645,857,33,New Delhi,Pathetic Items Received
529,11/21/2018,23,431,23,Kolkata,Appreciated
530,6/4/2019,995,28,93,Kolkata,Appreciated
531,10/31/2018,341,573,67,Chennai,Strongly Recommend to Everyone to Buy this Product
532,3/14/2019,634,963,14,Trivandrum,Dont ever dream of buying this item
533,12/31/2018,869,984,67,Trivandrum,Awful Items
534,1/14/2019,419,4,70,Mumbai,Pathetic Items Received
535,10/19/2018,480,370,89,Mysore,Appreciated
536,7/30/2019,198,960,29,Trivandrum,Wonderful Product
537,11/28/2018,516,304,25,Hyderabad,Strongly Recommend to Everyone to Buy this Product
538,3/28/2019,736,767,51,Trivandrum,Awful Items
539,12/26/2018,626,291,54,Hyderabad,Strongly Recommend to Everyone to Buy this Product
540,9/10/2018,312,569,89,New Delhi,Wonderful Product
541,11/22/2018,917,631,88,Mumbai,Awful Items
542,5/8/2019,410,876,43,Trivandrum,Awful Items
543,12/20/2018,823,949,89,Chennai,Awful Items
544,1/29/2019,144,771,93,Chennai,Dont ever dream of buying this item
545,8/2/2019,946,905,52,Kolkata,Strongly Recommend to Everyone to Buy this Product
546,4/7/2019,608,215,52,Chennai,Awful Items
547,1/25/2019,945,443,76,Mumbai,Dont ever dream of buying this item
548,3/13/2019,743,762,97,Hyderabad,Appreciated
549,1/22/2019,211,938,56,Trivandrum,Wonderful Product
550,1/2/2019,792,970,74,Trivandrum,Wonderful Product
551,2/21/2019,563,438,44,New Delhi,Wonderful Product
552,12/3/2018,54,680,63,Hyderabad,Pathetic Items Received
553,8/16/2019,334,936,50,Trivandrum,Dont ever dream of buying this item
554,1/20/2019,240,416,90,Hyderabad,Pathetic Items Received
555,10/11/2018,486,591,39,Bangalore,Strongly Recommend to Everyone to Buy this Product
556,4/6/2019,25,366,28,New Delhi,Awful Items
557,1/27/2019,130,916,94,Mysore,Strongly Recommend to Everyone to Buy this Product
558,11/14/2018,117,438,33,Hyderabad,Appreciated
559,8/26/2019,694,472,99,Chennai,Awful Items
560,12/11/2018,291,227,78,Trivandrum,Appreciated
561,1/9/2019,902,178,28,New Delhi,Awful Items
562,3/10/2019,692,84,15,Mysore,Awful Items
563,6/26/2019,177,131,68,Trivandrum,Strongly Recommend to Everyone to Buy this Product
564,10/26/2018,291,61,93,Hyderabad,Dont ever dream of buying this item
565,7/14/2019,731,501,52,Hyderabad,Pathetic Items Received
566,1/4/2019,751,773,61,Bangalore,Strongly Recommend to Everyone to Buy this Product
567,10/31/2018,585,831,72,Bangalore,Pathetic Items Received
568,6/28/2019,394,117,40,Hyderabad,Awful Items
569,5/19/2019,977,736,20,Trivandrum,Pathetic Items Received
570,9/22/2018,504,555,35,Mysore,Awful Items
571,9/16/2018,120,458,60,Bangalore,Strongly Recommend to Everyone to Buy this Product
572,6/19/2019,443,394,81,New Delhi,Pathetic Items Received
573,10/3/2018,676,257,35,Mysore,Wonderful Product
574,6/4/2019,319,455,96,Hyderabad,Pathetic Items Received
575,9/23/2018,107,846,72,Chennai,Dont ever dream of buying this item
576,11/16/2018,514,127,10,Trivandrum,Wonderful Product
577,10/18/2018,67,357,75,Trivandrum,Wonderful Product
578,9/16/2018,539,40,92,Mumbai,Pathetic Items Received
579,8/3/2019,921,969,95,Kolkata,Awful Items
580,1/7/2019,454,315,14,Trivandrum,Strongly Recommend to Everyone to Buy this Product
581,7/20/2019,541,263,22,Kolkata,Appreciated
582,4/5/2019,362,834,30,Chennai,Appreciated
583,11/7/2018,42,477,96,Trivandrum,Appreciated
584,8/1/2019,929,96,96,Chennai,Pathetic Items Received
585,2/16/2019,239,748,57,Kolkata,Appreciated
586,1/21/2019,369,736,11,Bangalore,Appreciated
587,10/18/2018,418,956,72,New Delhi,Dont ever dream of buying this item
588,6/15/2019,799,31,63,Chennai,Appreciated
589,10/3/2018,225,334,47,Kolkata,Awful Items
590,3/19/2019,178,536,34,Mysore,Wonderful Product
591,1/30/2019,241,769,72,Kolkata,Dont ever dream of buying this item
592,10/22/2018,537,819,62,Bangalore,Strongly Recommend to Everyone to Buy this Product
593,1/15/2019,651,94,51,Chennai,Strongly Recommend to Everyone to Buy this Product
594,1/21/2019,464,260,76,Mumbai,Wonderful Product
595,6/29/2019,84,229,52,Kolkata,Appreciated
596,1/14/2019,866,652,71,Mumbai,Pathetic Items Received
597,2/14/2019,681,906,37,Kolkata,Appreciated
598,6/10/2019,314,32,100,Trivandrum,Pathetic Items Received
599,8/8/2019,540,934,57,Hyderabad,Awful Items
600,11/27/2018,895,794,86,Bangalore,Wonderful Product
601,6/7/2019,214,707,55,Mysore,Dont ever dream of buying this item
602,1/4/2019,113,327,45,Mumbai,Appreciated
603,4/30/2019,226,818,69,Kolkata,Awful Items
604,2/12/2019,434,668,41,Trivandrum,Strongly Recommend to Everyone to Buy this Product
605,8/1/2019,657,70,30,Hyderabad,Awful Items
606,8/7/2019,683,22,12,Mysore,Appreciated
607,12/29/2018,829,710,58,Trivandrum,Dont ever dream of buying this item
608,3/22/2019,904,616,68,Mysore,Wonderful Product
609,10/10/2018,446,378,98,Bangalore,Pathetic Items Received
610,11/10/2018,937,707,68,Trivandrum,Awful Items
611,7/11/2019,944,544,81,New Delhi,Wonderful Product
612,5/7/2019,984,62,12,Bangalore,Appreciated
613,11/26/2018,579,31,52,Chennai,Pathetic Items Received
614,3/7/2019,851,143,17,New Delhi,Appreciated
615,3/2/2019,91,581,84,New Delhi,Strongly Recommend to Everyone to Buy this Product
616,11/22/2018,2,771,42,Trivandrum,Awful Items
617,9/1/2019,112,805,30,Trivandrum,Strongly Recommend to Everyone to Buy this Product
618,11/16/2018,29,152,58,Trivandrum,Pathetic Items Received
619,2/10/2019,456,722,95,New Delhi,Awful Items
620,2/7/2019,510,657,38,New Delhi,Dont ever dream of buying this item
621,6/11/2019,617,840,66,New Delhi,Appreciated
622,3/24/2019,597,1000,19,Mysore,Wonderful Product
623,5/28/2019,259,301,81,Mumbai,Appreciated
624,5/14/2019,141,870,36,Chennai,Strongly Recommend to Everyone to Buy this Product
625,3/2/2019,656,445,78,Kolkata,Awful Items
626,3/20/2019,224,655,95,Kolkata,Dont ever dream of buying this item
627,9/22/2018,668,379,35,Trivandrum,Appreciated
628,4/28/2019,139,580,73,Chennai,Dont ever dream of buying this item
629,4/8/2019,661,593,72,Hyderabad,Appreciated
630,3/13/2019,341,560,44,Kolkata,Dont ever dream of buying this item
631,6/15/2019,599,647,19,New Delhi,Awful Items
632,5/7/2019,998,111,42,Mysore,Pathetic Items Received
633,3/4/2019,275,34,77,New Delhi,Awful Items
634,7/1/2019,683,654,16,Hyderabad,Strongly Recommend to Everyone to Buy this Product
635,3/5/2019,209,372,52,Trivandrum,Strongly Recommend to Everyone to Buy this Product
636,4/2/2019,978,185,46,Hyderabad,Wonderful Product
637,3/7/2019,445,688,13,Kolkata,Awful Items
638,11/11/2018,734,826,65,Chennai,Appreciated
639,10/30/2018,722,368,98,Mumbai,Awful Items
640,11/13/2018,313,607,20,Kolkata,Strongly Recommend to Everyone to Buy this Product
641,6/2/2019,93,721,87,Kolkata,Wonderful Product
642,2/7/2019,834,259,95,Trivandrum,Awful Items
643,5/23/2019,691,587,80,Trivandrum,Strongly Recommend to Everyone to Buy this Product
644,12/17/2018,475,838,96,Mysore,Pathetic Items Received
645,8/8/2019,427,923,81,Mysore,Awful Items
646,2/25/2019,474,440,80,Chennai,Strongly Recommend to Everyone to Buy this Product
647,4/20/2019,274,623,35,Hyderabad,Wonderful Product
648,2/22/2019,958,421,94,Mysore,Wonderful Product
649,9/21/2018,741,708,82,Mysore,Strongly Recommend to Everyone to Buy this Product
650,10/13/2018,653,392,98,Kolkata,Appreciated
651,5/22/2019,782,736,53,New Delhi,Awful Items
652,2/6/2019,511,689,24,Mumbai,Appreciated
653,3/26/2019,447,629,14,Mysore,Appreciated
654,5/13/2019,534,812,64,Kolkata,Pathetic Items Received
655,8/9/2019,126,808,27,Mumbai,Wonderful Product
656,4/14/2019,575,970,16,Kolkata,Awful Items
657,5/24/2019,187,939,49,Hyderabad,Appreciated
658,9/17/2018,968,760,35,Bangalore,Dont ever dream of buying this item
659,3/19/2019,565,610,51,Bangalore,Wonderful Product
660,11/4/2018,791,524,80,Hyderabad,Pathetic Items Received
661,10/8/2018,456,928,40,Kolkata,Wonderful Product
662,3/6/2019,143,244,23,Chennai,Pathetic Items Received
663,4/1/2019,371,950,82,Mumbai,Appreciated
664,2/10/2019,535,853,21,Bangalore,Appreciated
665,5/27/2019,560,893,10,Kolkata,Pathetic Items Received
666,5/24/2019,236,849,18,Chennai,Strongly Recommend to Everyone to Buy this Product
667,6/14/2019,573,934,71,Mumbai,Dont ever dream of buying this item
668,12/9/2018,130,214,87,Mysore,Strongly Recommend to Everyone to Buy this Product
669,3/27/2019,706,125,96,Chennai,Strongly Recommend to Everyone to Buy this Product
670,9/9/2018,945,626,97,Kolkata,Awful Items
671,10/2/2018,961,666,63,Mumbai,Strongly Recommend to Everyone to Buy this Product
672,3/17/2019,113,287,41,Bangalore,Wonderful Product
673,1/29/2019,288,733,29,Kolkata,Pathetic Items Received
674,2/10/2019,331,622,61,Hyderabad,Dont ever dream of buying this item
675,8/12/2019,408,850,38,Hyderabad,Dont ever dream of buying this item
676,8/6/2019,602,810,53,Trivandrum,Wonderful Product
677,2/26/2019,66,15,26,Bangalore,Appreciated
678,6/12/2019,852,809,17,Bangalore,Awful Items
679,10/21/2018,38,978,31,New Delhi,Dont ever dream of buying this item
680,12/13/2018,411,316,26,Chennai,Pathetic Items Received
681,7/2/2019,550,669,58,Kolkata,Awful Items
682,3/27/2019,751,227,50,New Delhi,Wonderful Product
683,8/13/2019,194,84,85,Bangalore,Pathetic Items Received
684,11/14/2018,356,613,13,Mumbai,Dont ever dream of buying this item
685,3/19/2019,826,710,56,Mumbai,Awful Items
686,1/17/2019,629,111,95,Mumbai,Pathetic Items Received
687,4/3/2019,237,770,73,New Delhi,Dont ever dream of buying this item
688,10/3/2018,225,379,93,Mysore,Pathetic Items Received
689,7/2/2019,63,900,79,Mysore,Appreciated
690,1/22/2019,771,307,59,Kolkata,Awful Items
691,1/21/2019,911,78,42,Chennai,Appreciated
692,12/9/2018,336,876,58,Bangalore,Strongly Recommend to Everyone to Buy this Product
693,5/29/2019,362,445,70,New Delhi,Awful Items
694,8/24/2019,73,87,97,Mumbai,Appreciated
695,9/14/2018,23,122,82,Hyderabad,Appreciated
696,7/13/2019,660,613,77,Kolkata,Pathetic Items Received
697,7/27/2019,505,767,90,Mumbai,Wonderful Product
698,8/12/2019,373,262,46,Kolkata,Pathetic Items Received
699,1/27/2019,736,697,47,Trivandrum,Dont ever dream of buying this item
700,11/7/2018,596,484,57,Chennai,Wonderful Product
701,11/25/2018,4,479,63,Hyderabad,Wonderful Product
702,2/17/2019,955,405,38,Mysore,Dont ever dream of buying this item
703,5/17/2019,777,812,80,Trivandrum,Strongly Recommend to Everyone to Buy this Product
704,3/6/2019,440,623,63,Bangalore,Wonderful Product
705,9/17/2018,338,920,49,Bangalore,Appreciated
706,6/12/2019,180,354,98,Kolkata,Dont ever dream of buying this item
707,8/18/2019,665,39,99,Trivandrum,Dont ever dream of buying this item
708,5/1/2019,881,547,86,Chennai,Awful Items
709,1/30/2019,426,950,75,Mysore,Awful Items
710,11/19/2018,715,132,85,Chennai,Appreciated
711,6/14/2019,669,301,71,Trivandrum,Appreciated
712,10/31/2018,18,21,28,Kolkata,Appreciated
713,4/29/2019,174,597,54,Bangalore,Strongly Recommend to Everyone to Buy this Product
714,5/18/2019,64,145,44,Hyderabad,Strongly Recommend to Everyone to Buy this Product
715,7/31/2019,245,766,88,Bangalore,Strongly Recommend to Everyone to Buy this Product
716,2/25/2019,115,478,54,Mumbai,Appreciated
717,1/20/2019,761,164,74,New Delhi,Wonderful Product
718,10/2/2018,856,182,85,Kolkata,Strongly Recommend to Everyone to Buy this Product
719,5/22/2019,91,817,45,Hyderabad,Dont ever dream of buying this item
720,4/19/2019,890,914,42,Bangalore,Pathetic Items Received
721,7/1/2019,523,349,38,Mumbai,Wonderful Product
722,3/7/2019,818,297,72,Bangalore,Pathetic Items Received
723,5/27/2019,233,510,69,Hyderabad,Dont ever dream of buying this item
724,10/31/2018,85,611,56,Bangalore,Strongly Recommend to Everyone to Buy this Product
725,9/15/2018,354,432,79,Hyderabad,Dont ever dream of buying this item
726,3/7/2019,88,953,24,Bangalore,Pathetic Items Received
727,9/30/2018,976,141,38,Trivandrum,Appreciated
728,12/20/2018,755,322,58,Bangalore,Strongly Recommend to Everyone to Buy this Product
729,1/7/2019,599,26,85,Hyderabad,Wonderful Product
730,1/24/2019,978,266,70,Chennai,Awful Items
731,6/2/2019,244,183,21,Kolkata,Strongly Recommend to Everyone to Buy this Product
732,8/24/2019,902,758,15,Chennai,Appreciated
733,12/14/2018,540,260,35,Mysore,Dont ever dream of buying this item
734,4/26/2019,138,300,40,New Delhi,Pathetic Items Received
735,2/2/2019,1,66,21,Chennai,Awful Items
736,7/24/2019,554,240,26,Bangalore,Pathetic Items Received
737,1/21/2019,728,289,89,Chennai,Wonderful Product
738,10/31/2018,740,752,77,New Delhi,Pathetic Items Received
739,9/21/2018,865,494,22,Chennai,Awful Items
740,1/8/2019,399,960,89,New Delhi,Wonderful Product
741,9/4/2019,621,604,28,Mysore,Appreciated
742,3/8/2019,992,469,78,Mumbai,Strongly Recommend to Everyone to Buy this Product
743,5/18/2019,361,268,39,Bangalore,Strongly Recommend to Everyone to Buy this Product
744,8/8/2019,708,752,31,Chennai,Appreciated
745,5/29/2019,600,68,43,Trivandrum,Wonderful Product
746,11/12/2018,203,629,59,Hyderabad,Strongly Recommend to Everyone to Buy this Product
747,12/27/2018,142,91,52,Chennai,Strongly Recommend to Everyone to Buy this Product
748,4/1/2019,157,945,69,Chennai,Strongly Recommend to Everyone to Buy this Product
749,5/9/2019,740,784,40,Trivandrum,Wonderful Product
750,6/1/2019,659,397,94,Mumbai,Dont ever dream of buying this item
751,7/4/2019,324,101,99,New Delhi,Awful Items
752,2/18/2019,583,136,70,Hyderabad,Wonderful Product
753,10/17/2018,54,263,23,New Delhi,Wonderful Product
754,6/12/2019,757,61,33,Mumbai,Awful Items
755,1/18/2019,8,714,17,Hyderabad,Wonderful Product
756,5/25/2019,812,973,37,Kolkata,Pathetic Items Received
757,3/8/2019,405,540,29,Kolkata,Pathetic Items Received
758,12/5/2018,699,461,15,Kolkata,Wonderful Product
759,2/15/2019,560,307,22,Trivandrum,Awful Items
760,11/12/2018,414,796,33,Mysore,Awful Items
761,10/13/2018,453,830,72,Trivandrum,Strongly Recommend to Everyone to Buy this Product
762,4/15/2019,477,382,68,New Delhi,Strongly Recommend to Everyone to Buy this Product
763,8/16/2019,306,392,45,New Delhi,Awful Items
764,4/26/2019,441,84,66,Mumbai,Appreciated
765,12/11/2018,475,206,51,Mumbai,Dont ever dream of buying this item
766,7/10/2019,663,736,40,Kolkata,Pathetic Items Received
767,11/30/2018,797,544,74,Trivandrum,Strongly Recommend to Everyone to Buy this Product
768,11/14/2018,736,396,13,Hyderabad,Appreciated
769,8/4/2019,8,328,99,Chennai,Strongly Recommend to Everyone to Buy this Product
770,6/25/2019,517,66,32,Mumbai,Wonderful Product
771,9/22/2018,963,553,57,Mysore,Pathetic Items Received
772,5/24/2019,906,499,98,Hyderabad,Wonderful Product
773,10/27/2018,436,972,20,Bangalore,Appreciated
774,9/10/2018,108,622,48,Trivandrum,Pathetic Items Received
775,9/23/2018,697,385,94,Mysore,Strongly Recommend to Everyone to Buy this Product
776,1/15/2019,147,202,84,Hyderabad,Dont ever dream of buying this item
777,10/27/2018,148,332,59,Trivandrum,Awful Items
778,6/15/2019,306,970,46,Hyderabad,Appreciated
779,9/29/2018,977,32,13,Hyderabad,Wonderful Product
780,3/9/2019,497,495,77,Mumbai,Strongly Recommend to Everyone to Buy this Product
781,4/24/2019,364,383,13,Kolkata,Awful Items
782,4/22/2019,297,759,52,Bangalore,Strongly Recommend to Everyone to Buy this Product
783,7/1/2019,105,802,63,Hyderabad,Strongly Recommend to Everyone to Buy this Product
784,7/29/2019,941,860,89,Chennai,Appreciated
785,1/1/2019,957,237,92,Chennai,Wonderful Product
786,7/10/2019,704,315,92,Chennai,Pathetic Items Received
787,5/7/2019,617,701,45,Hyderabad,Wonderful Product
788,10/1/2018,628,831,93,Mumbai,Strongly Recommend to Everyone to Buy this Product
789,8/6/2019,488,269,43,Hyderabad,Pathetic Items Received
790,5/29/2019,34,500,100,Bangalore,Appreciated
791,2/20/2019,750,393,48,Mumbai,Dont ever dream of buying this item
792,5/8/2019,766,538,89,Hyderabad,Wonderful Product
793,9/8/2019,59,985,88,Kolkata,Awful Items
794,5/18/2019,301,573,43,Bangalore,Dont ever dream of buying this item
795,9/24/2018,58,400,63,Trivandrum,Wonderful Product
796,8/5/2019,520,921,13,Kolkata,Appreciated
797,11/11/2018,461,102,25,Hyderabad,Appreciated
798,1/29/2019,17,177,36,Chennai,Dont ever dream of buying this item
799,7/17/2019,48,328,90,Mysore,Appreciated
800,12/4/2018,900,545,19,Chennai,Wonderful Product
801,6/10/2019,529,613,46,Chennai,Strongly Recommend to Everyone to Buy this Product
802,3/30/2019,66,883,20,Hyderabad,Dont ever dream of buying this item
803,8/19/2019,949,537,55,Trivandrum,Awful Items
804,12/27/2018,593,244,39,Bangalore,Wonderful Product
805,5/16/2019,835,576,97,Chennai,Awful Items
806,6/20/2019,896,197,70,Hyderabad,Awful Items
807,3/16/2019,873,715,50,Mumbai,Pathetic Items Received
808,4/2/2019,443,81,24,New Delhi,Pathetic Items Received
809,11/14/2018,274,657,56,Mumbai,Awful Items
810,5/3/2019,252,616,87,Mumbai,Pathetic Items Received
811,5/1/2019,243,615,95,Bangalore,Strongly Recommend to Everyone to Buy this Product
812,12/13/2018,718,106,43,Bangalore,Wonderful Product
813,12/31/2018,314,540,78,Bangalore,Appreciated
814,12/1/2018,529,638,89,Kolkata,Strongly Recommend to Everyone to Buy this Product
815,2/3/2019,183,683,97,Kolkata,Dont ever dream of buying this item
816,7/21/2019,294,543,78,Kolkata,Appreciated
817,9/3/2019,272,16,75,Mumbai,Appreciated
818,8/12/2019,854,677,78,Trivandrum,Appreciated
819,9/24/2018,652,255,85,Mysore,Awful Items
820,1/1/2019,561,731,46,Kolkata,Pathetic Items Received
821,8/20/2019,667,475,52,Mysore,Strongly Recommend to Everyone to Buy this Product
822,8/2/2019,21,835,28,Trivandrum,Pathetic Items Received
823,6/15/2019,378,263,60,Mumbai,Pathetic Items Received
824,5/25/2019,32,886,53,Bangalore,Pathetic Items Received
825,12/6/2018,240,225,62,Hyderabad,Wonderful Product
826,4/6/2019,904,710,33,Hyderabad,Pathetic Items Received
827,12/26/2018,492,185,87,Chennai,Wonderful Product
828,2/21/2019,585,920,47,Trivandrum,Awful Items
829,8/21/2019,404,333,93,Kolkata,Strongly Recommend to Everyone to Buy this Product
830,5/17/2019,416,457,32,Chennai,Dont ever dream of buying this item
831,8/31/2019,97,40,22,Kolkata,Awful Items
832,5/8/2019,622,320,48,Hyderabad,Pathetic Items Received
833,9/18/2018,243,601,37,Trivandrum,Pathetic Items Received
834,5/21/2019,878,583,91,Mysore,Wonderful Product
835,5/15/2019,138,411,99,Chennai,Appreciated
836,1/21/2019,931,402,91,Kolkata,Strongly Recommend to Everyone to Buy this Product
837,2/26/2019,280,620,68,New Delhi,Awful Items
838,8/4/2019,280,5,50,Chennai,Awful Items
839,3/7/2019,910,93,86,Chennai,Dont ever dream of buying this item
840,10/8/2018,918,363,30,Mumbai,Strongly Recommend to Everyone to Buy this Product
841,3/8/2019,326,807,20,Trivandrum,Strongly Recommend to Everyone to Buy this Product
842,3/20/2019,599,738,32,Hyderabad,Dont ever dream of buying this item
843,9/6/2019,714,23,99,Chennai,Strongly Recommend to Everyone to Buy this Product
844,5/2/2019,600,45,53,Mumbai,Dont ever dream of buying this item
845,11/27/2018,512,50,21,Bangalore,Wonderful Product
846,8/11/2019,813,759,63,Hyderabad,Awful Items
847,5/23/2019,903,125,99,Hyderabad,Pathetic Items Received
848,3/28/2019,505,854,46,Kolkata,Awful Items
849,7/19/2019,933,42,54,Hyderabad,Pathetic Items Received
850,11/15/2018,825,248,16,Trivandrum,Pathetic Items Received
851,5/10/2019,693,202,74,Mumbai,Awful Items
852,7/3/2019,687,576,83,Hyderabad,Pathetic Items Received
853,3/16/2019,789,369,71,Mumbai,Wonderful Product
854,12/2/2018,241,258,47,New Delhi,Awful Items
855,6/5/2019,89,164,59,Mysore,Strongly Recommend to Everyone to Buy this Product
856,7/29/2019,689,748,33,Hyderabad,Awful Items
857,6/29/2019,337,755,79,Trivandrum,Appreciated
858,7/28/2019,326,46,56,Mysore,Dont ever dream of buying this item
859,6/5/2019,486,456,24,Chennai,Appreciated
860,3/26/2019,985,127,53,New Delhi,Wonderful Product
861,9/1/2019,816,684,72,Trivandrum,Wonderful Product
862,11/14/2018,792,973,36,Mysore,Awful Items
863,9/22/2018,726,310,73,Mysore,Dont ever dream of buying this item
864,5/13/2019,580,793,78,Hyderabad,Strongly Recommend to Everyone to Buy this Product
865,2/22/2019,357,310,74,New Delhi,Pathetic Items Received
866,2/9/2019,168,647,52,Kolkata,Awful Items
867,5/30/2019,495,794,43,Trivandrum,Strongly Recommend to Everyone to Buy this Product
868,8/15/2019,483,619,89,Trivandrum,Pathetic Items Received
869,8/13/2019,204,607,34,Hyderabad,Wonderful Product
870,7/25/2019,851,157,76,New Delhi,Appreciated
871,8/16/2019,827,106,79,Trivandrum,Awful Items
872,4/22/2019,590,874,81,Kolkata,Appreciated
873,7/23/2019,293,730,96,Bangalore,Appreciated
874,7/14/2019,835,215,70,Kolkata,Pathetic Items Received
875,10/6/2018,701,507,50,Bangalore,Appreciated
876,9/1/2019,430,519,82,Trivandrum,Dont ever dream of buying this item
877,4/28/2019,847,832,79,Kolkata,Wonderful Product
878,9/25/2018,518,410,14,Chennai,Awful Items
879,10/22/2018,343,660,24,Hyderabad,Wonderful Product
880,8/29/2019,45,186,24,Bangalore,Appreciated
881,10/2/2018,600,284,12,Bangalore,Dont ever dream of buying this item
882,9/1/2019,913,486,61,Bangalore,Awful Items
883,4/28/2019,697,417,26,New Delhi,Appreciated
884,11/25/2018,295,308,74,Hyderabad,Pathetic Items Received
885,5/24/2019,615,540,84,Chennai,Appreciated
886,8/25/2019,880,364,67,Trivandrum,Strongly Recommend to Everyone to Buy this Product
887,9/28/2018,682,992,68,Mysore,Wonderful Product
888,9/29/2018,391,786,76,Bangalore,Appreciated
889,12/5/2018,736,206,79,Chennai,Wonderful Product
890,3/23/2019,226,717,74,Mumbai,Appreciated
891,10/2/2018,371,887,41,Trivandrum,Wonderful Product
892,11/5/2018,230,969,78,New Delhi,Pathetic Items Received
893,8/26/2019,951,911,56,Mysore,Awful Items
894,5/10/2019,34,517,97,New Delhi,Awful Items
895,1/8/2019,15,469,87,Trivandrum,Wonderful Product
896,4/22/2019,651,62,10,Mysore,Strongly Recommend to Everyone to Buy this Product
897,6/17/2019,296,845,38,Chennai,Dont ever dream of buying this item
898,8/4/2019,351,777,37,Kolkata,Wonderful Product
899,7/20/2019,974,90,23,New Delhi,Dont ever dream of buying this item
900,1/21/2019,880,797,28,Mumbai,Strongly Recommend to Everyone to Buy this Product
901,6/16/2019,671,484,72,Chennai,Appreciated
902,8/6/2019,955,221,70,Trivandrum,Dont ever dream of buying this item
903,1/26/2019,227,163,20,Mumbai,Pathetic Items Received
904,11/25/2018,689,151,89,Hyderabad,Wonderful Product
905,7/22/2019,223,138,76,Chennai,Awful Items
906,1/19/2019,613,555,74,New Delhi,Appreciated
907,8/23/2019,997,888,48,Kolkata,Dont ever dream of buying this item
908,5/4/2019,192,344,30,Hyderabad,Appreciated
909,12/17/2018,635,901,34,New Delhi,Awful Items
910,8/10/2019,230,598,22,Hyderabad,Appreciated
911,12/20/2018,750,955,52,Hyderabad,Wonderful Product
912,9/10/2018,577,963,22,Mumbai,Dont ever dream of buying this item
913,4/9/2019,8,608,36,Bangalore,Strongly Recommend to Everyone to Buy this Product
914,7/9/2019,379,803,85,Chennai,Appreciated
915,11/3/2018,510,291,18,Kolkata,Dont ever dream of buying this item
916,5/22/2019,223,808,27,New Delhi,Awful Items
917,5/10/2019,345,484,42,Trivandrum,Pathetic Items Received
918,10/28/2018,207,362,87,Bangalore,Pathetic Items Received
919,8/10/2019,919,634,27,Chennai,Pathetic Items Received
920,10/8/2018,408,102,95,Chennai,Awful Items
921,8/21/2019,523,758,78,Hyderabad,Dont ever dream of buying this item
922,3/10/2019,650,897,92,Hyderabad,Awful Items
923,12/6/2018,847,301,10,Kolkata,Wonderful Product
924,10/15/2018,693,110,51,Chennai,Strongly Recommend to Everyone to Buy this Product
925,12/12/2018,903,447,98,New Delhi,Dont ever dream of buying this item
926,9/17/2018,477,801,15,Mysore,Dont ever dream of buying this item
927,7/1/2019,574,929,44,Kolkata,Awful Items
928,6/20/2019,127,168,29,Kolkata,Dont ever dream of buying this item
929,1/10/2019,505,140,14,Chennai,Pathetic Items Received
930,6/27/2019,672,34,86,Hyderabad,Appreciated
931,3/24/2019,974,938,58,Mysore,Wonderful Product
932,1/12/2019,876,769,65,Chennai,Dont ever dream of buying this item
933,6/6/2019,679,231,23,Hyderabad,Appreciated
934,7/13/2019,215,93,44,Hyderabad,Awful Items
935,9/10/2018,457,482,17,Chennai,Strongly Recommend to Everyone to Buy this Product
936,12/14/2018,630,418,47,Trivandrum,Wonderful Product
937,4/24/2019,490,749,45,Trivandrum,Dont ever dream of buying this item
938,11/15/2018,204,849,85,Trivandrum,Appreciated
939,4/14/2019,874,945,27,Trivandrum,Pathetic Items Received
940,3/10/2019,313,32,86,Mysore,Strongly Recommend to Everyone to Buy this Product
941,2/23/2019,873,214,55,Hyderabad,Strongly Recommend to Everyone to Buy this Product
942,4/18/2019,918,829,84,New Delhi,Dont ever dream of buying this item
943,1/19/2019,460,763,99,Bangalore,Wonderful Product
944,1/5/2019,312,116,70,New Delhi,Strongly Recommend to Everyone to Buy this Product
945,9/30/2018,27,51,42,Mysore,Dont ever dream of buying this item
946,4/1/2019,793,414,72,Trivandrum,Awful Items
947,5/20/2019,741,834,87,Mumbai,Appreciated
948,12/16/2018,1000,105,48,Mysore,Pathetic Items Received
949,4/2/2019,632,526,20,Trivandrum,Strongly Recommend to Everyone to Buy this Product
950,8/10/2019,784,388,18,Mumbai,Dont ever dream of buying this item
951,3/30/2019,257,637,62,New Delhi,Wonderful Product
952,5/31/2019,392,583,57,Hyderabad,Pathetic Items Received
953,7/21/2019,928,11,25,Bangalore,Appreciated
954,8/13/2019,773,381,87,New Delhi,Pathetic Items Received
955,9/22/2018,23,697,19,Bangalore,Awful Items
956,8/18/2019,643,49,67,Mumbai,Pathetic Items Received
957,11/6/2018,586,35,98,Mysore,Dont ever dream of buying this item
958,9/8/2019,66,242,57,Kolkata,Appreciated
959,2/8/2019,729,475,65,Chennai,Awful Items
960,10/15/2018,916,905,38,Bangalore,Appreciated
961,2/22/2019,599,447,80,New Delhi,Dont ever dream of buying this item
962,10/22/2018,147,573,93,Kolkata,Wonderful Product
963,6/8/2019,19,64,86,Hyderabad,Strongly Recommend to Everyone to Buy this Product
964,12/4/2018,297,685,13,Hyderabad,Pathetic Items Received
965,8/1/2019,987,787,73,Mysore,Dont ever dream of buying this item
966,11/5/2018,466,434,52,Kolkata,Awful Items
967,7/5/2019,9,171,60,Mysore,Awful Items
968,2/9/2019,630,118,49,Chennai,Strongly Recommend to Everyone to Buy this Product
969,8/13/2019,923,71,14,New Delhi,Strongly Recommend to Everyone to Buy this Product
970,4/1/2019,259,264,16,Mysore,Awful Items
971,10/23/2018,888,813,47,Kolkata,Strongly Recommend to Everyone to Buy this Product
972,10/10/2018,695,555,98,New Delhi,Strongly Recommend to Everyone to Buy this Product
973,5/16/2019,32,135,79,Mysore,Dont ever dream of buying this item
974,11/30/2018,252,980,97,Kolkata,Awful Items
975,9/5/2019,55,11,12,Mysore,Strongly Recommend to Everyone to Buy this Product
976,3/12/2019,795,286,33,Kolkata,Dont ever dream of buying this item
977,4/17/2019,960,618,77,New Delhi,Appreciated
978,11/15/2018,583,788,89,Mysore,Awful Items
979,12/14/2018,814,481,41,New Delhi,Awful Items
980,3/17/2019,293,769,24,Hyderabad,Awful Items
981,2/28/2019,332,282,40,Trivandrum,Strongly Recommend to Everyone to Buy this Product
982,2/9/2019,292,688,67,Mysore,Wonderful Product
983,10/21/2018,333,307,88,Kolkata,Wonderful Product
984,2/10/2019,59,909,85,Trivandrum,Pathetic Items Received
985,12/22/2018,693,762,36,Mumbai,Appreciated
986,8/16/2019,776,536,82,Trivandrum,Strongly Recommend to Everyone to Buy this Product
987,1/19/2019,593,121,78,Mumbai,Strongly Recommend to Everyone to Buy this Product
988,9/11/2018,268,278,65,Trivandrum,Pathetic Items Received
989,3/6/2019,534,766,67,Chennai,Awful Items
990,1/22/2019,305,166,84,Bangalore,Appreciated
991,11/28/2018,86,211,26,New Delhi,Awful Items
992,3/23/2019,878,968,18,Kolkata,Awful Items
993,12/28/2018,359,511,90,Mysore,Appreciated
994,2/4/2019,569,801,31,Trivandrum,Wonderful Product
995,7/22/2019,975,126,71,Chennai,Dont ever dream of buying this item
996,1/8/2019,710,37,79,Kolkata,Pathetic Items Received
997,5/12/2019,234,44,48,Mumbai,Pathetic Items Received
998,2/6/2019,942,420,84,Chennai,Awful Items
999,2/15/2019,309,715,62,Chennai,Awful Items
1000,11/27/2018,345,995,90,Hyderabad,Wonderful Product
